u1,u3,u5,u7,u9,u11,u13,u15,u17,u19,u21,u23,u25,u27,u29,u31
3,0,1,0,0,0,0,0,0,0,1,2,0,0,0,0
0,0,0,0,0,0,1,0,0,0,1,0,0,0,0,0
0,0,0,0,0,0,0,0,0,0,0,0,0,0,0,0
1,4,2,3,2,1,2,4,5,2,3,7,1,0,1,0
0,1,0,0,1,0,0,0,0,0,0,0,1,0,0,1
1,0,1,2,0,1,0,0,0,3,3,1,1,1,1,4
5,5,6,3,2,6,3,3,2,5,4,1,4,5,3,0
5,7,13,12,0,0,0,0,0,0,0,0,0,0,0,0
0,0,0,0,0,0,0,0,0,0,0,0,0,0,0,0
1,2,1,2,1,2,0,1,1,1,0,2,1,0,0,1
0,0,0,0,0,0,0,1,0,2,0,0,0,0,1,1
0,1,1,3,1,0,0,1,0,1,0,1,0,0,0,2
1,0,0,0,0,0,0,0,1,0,0,0,0,0,0,0
5,1,7,3,0,0,0,3,0,4,4,2,4,0,2,1
2,1,0,0,0,0,0,1,0,0,0,0,0,0,0,0
1,5,3,3,1,3,2,6,0,8,5,1,2,4,0,3
1,1,1,0,0,0,0,0,0,1,1,1,0,0,0,1
3,2,13,7,1,3,2,2,1,3,5,3,0,4,5,5
1,0,2,1,1,1,2,1,3,3,0,2,0,0,1,2
0,0,0,0,0,0,0,0,0,1,0,0,0,0,0,0
0,0,0,0,0,0,0,0,0,0,0,0,0,0,0,0
0,0,4,1,1,4,1,2,4,3,3,0,1,2,0,1
1,0,0,0,0,0,0,0,0,0,0,0,0,1,0,0
0,0,0,0,0,0,0,0,0,0,0,0,0,0,0,0
0,0,0,0,0,0,0,0,0,0,0,0,0,0,0,0
0,2,2,0,0,0,0,1,1,0,1,2,0,1,1,3
0,0,0,0,0,0,0,0,0,0,0,0,0,0,0,0
0,0,0,0,0,0,0,0,0,0,0,0,0,0,0,0
0,0,0,0,0,0,0,0,0,0,0,0,0,0,0,0
1,0,0,0,0,0,0,0,0,0,0,0,0,0,0,0
4,0,0,1,0,0,0,0,0,23,14,4,13,27,8,0
0,0,1,0,0,0,0,0,0,0,0,0,0,0,0,0
0,0,0,4,0,0,0,0,0,0,0,0,0,0,0,0
7,0,2,0,0,1,0,0,0,4,14,0,3,10,4,0
0,0,0,0,0,0,0,0,0,1,0,0,1,0,0,0
0,0,0,0,1,0,0,0,0,0,0,0,0,0,0,0
0,0,0,0,1,0,0,0,0,0,0,0,0,0,0,0
1,4,0,1,1,3,0,0,1,0,0,0,0,0,0,0
0,0,0,0,0,0,0,0,0,0,0,0,0,0,1,0
0,0,0,0,0,0,0,0,0,0,0,0,0,0,0,0
0,0,0,0,0,0,0,0,0,0,0,0,0,0,0,0
0,0,0,0,0,0,0,0,0,0,0,0,0,0,0,0
1,0,0,1,0,1,0,0,0,3,0,0,0,0,0,0
0,0,0,0,0,0,0,0,0,0,0,0,0,0,0,0
23,18,13,16,7,2,5,6,3,48,21,5,14,21,18,14
3,1,3,1,0,0,1,0,0,3,2,1,3,3,2,0
4,0,0,0,0,1,0,0,0,2,1,0,0,0,2,0
7,3,1,1,0,0,0,0,0,5,5,0,2,3,2,0
1,0,0,0,0,0,1,0,0,0,0,1,0,0,0,0
0,0,0,0,0,0,0,0,0,0,1,0,0,0,0,0
0,0,0,0,1,0,1,0,1,0,0,0,0,0,0,0
0,0,0,0,0,0,0,0,1,0,0,0,0,0,0,0
0,0,0,0,0,0,0,0,0,0,0,0,0,0,0,0
0,0,0,0,0,0,0,0,0,0,0,0,0,0,0,0
2,4,6,4,1,0,0,3,0,2,2,0,1,0,0,1
0,0,0,0,0,0,0,0,0,0,0,0,0,0,0,0
0,0,0,0,0,0,0,0,0,0,0,0,0,0,0,0
0,0,0,0,0,0,0,0,0,0,0,0,0,0,0,0
2,0,0,0,0,0,0,0,0,0,1,0,0,0,0,0
0,0,0,0,0,0,1,0,0,0,0,0,0,0,0,0
0,0,0,0,0,0,0,0,0,0,0,0,0,0,0,0
12,20,12,24,26,18,22,18,23,8,2,7,4,4,5,15
0,0,0,0,0,0,0,0,0,0,0,0,0,0,1,0
0,0,0,0,0,0,0,0,0,0,0,0,0,0,0,0
0,0,0,0,0,0,0,0,0,0,0,0,0,0,0,0
0,0,0,0,1,0,0,0,0,0,0,0,0,0,0,0
0,0,0,0,0,0,0,0,0,0,0,0,0,0,0,0
0,0,0,0,0,0,1,2,0,0,0,1,1,0,0,1
1,0,1,0,0,0,1,0,0,0,0,0,2,1,0,2
0,0,0,0,0,0,0,0,0,0,0,0,0,0,0,0
0,0,0,0,0,0,0,0,0,0,0,0,0,0,0,0
0,1,0,0,0,0,0,0,0,0,0,0,0,0,0,0
0,0,0,0,0,0,0,0,0,0,0,0,0,0,0,0
0,0,0,0,0,0,0,0,0,0,0,0,0,0,0,0
0,0,0,0,0,0,0,0,0,0,0,0,0,0,0,0
0,0,0,0,0,0,0,0,0,0,0,0,0,0,0,0
0,0,0,0,0,0,0,1,0,0,0,0,0,0,0,0
0,0,0,0,0,1,0,0,0,0,0,0,0,0,0,0
0,0,0,0,0,0,0,0,0,1,2,0,0,1,0,0
0,0,0,0,0,0,0,0,0,0,0,0,0,0,0,0
0,0,0,1,0,0,0,0,0,0,0,0,0,0,0,0
0,0,0,0,0,0,1,0,0,0,0,0,0,0,0,0
0,0,0,0,0,3,7,14,22,2,11,6,0,0,0,0
0,0,0,0,0,0,0,0,0,0,0,0,0,1,0,0
0,0,0,0,0,0,0,0,0,0,0,0,0,0,0,0
0,0,0,0,0,0,0,0,1,0,0,0,0,0,0,0
0,0,0,0,0,0,0,2,2,0,0,0,0,0,0,0
3,0,0,0,0,0,0,0,0,1,2,0,0,6,2,0
0,0,1,0,0,0,0,0,0,0,0,0,0,0,0,0
27,2,4,2,4,7,1,1,3,8,5,3,7,3,5,1
0,0,0,0,0,0,0,0,0,0,0,0,0,1,0,0
6,0,0,0,0,0,0,0,0,2,0,0,0,0,0,0
1,1,0,0,4,2,4,2,7,0,5,1,15,3,5,1
2,2,1,1,5,6,3,1,0,1,5,3,9,8,3,6
5,0,2,0,3,8,3,0,2,0,2,2,2,5,0,2
1,0,0,0,3,1,0,0,1,0,1,0,0,1,2,0
1,0,0,0,0,0,1,0,0,0,0,0,0,0,0,0
16,8,19,18,26,19,19,13,12,24,17,23,21,18,27,14
30,23,28,30,24,43,27,17,8,21,18,18,21,15,22,19
0,0,0,0,0,0,2,0,0,1,1,0,0,0,0,1
0,0,0,0,0,0,0,0,0,0,0,0,0,0,0,0
0,0,0,0,0,0,0,0,0,0,0,0,0,0,0,0
0,0,0,0,0,0,0,0,0,0,0,0,0,0,0,0
0,0,0,0,0,0,0,0,0,0,0,1,0,0,0,0
0,0,1,0,0,0,0,0,0,2,1,0,0,0,0,1
0,0,0,0,0,0,0,0,0,0,0,0,0,0,0,0
0,0,0,0,0,0,0,0,2,1,0,0,1,2,0,0
0,0,0,0,0,0,0,0,0,0,0,1,0,0,0,0
0,0,0,0,0,0,0,0,0,0,0,0,0,0,0,0
1,0,0,0,0,0,0,0,0,0,0,0,0,0,0,0
0,0,0,0,0,1,0,1,0,0,0,0,0,0,0,0
0,0,0,0,0,0,0,0,0,0,0,0,0,0,0,0
0,0,0,0,0,0,0,0,0,0,0,0,0,0,0,0
0,0,0,0,0,0,0,0,0,0,0,0,0,0,0,0
0,0,0,2,2,0,0,6,1,0,0,1,0,0,0,0
0,0,0,0,1,0,0,0,1,0,0,0,0,0,0,0
4,0,2,1,0,0,0,0,1,0,0,0,0,0,0,0
1,1,0,5,0,0,0,0,0,0,0,0,0,0,0,0
0,0,3,1,0,0,0,0,0,0,0,0,0,0,0,0
0,0,0,0,0,0,0,0,0,0,0,0,0,0,0,0
0,0,0,0,0,1,0,0,0,0,0,1,0,0,0,0
3,0,2,0,0,0,0,0,0,1,1,0,0,0,0,0
10,6,3,4,3,2,2,3,1,26,19,12,5,5,11,1
5,2,5,2,1,1,2,2,0,2,3,0,1,2,0,2
2,0,0,0,1,0,0,0,0,1,2,1,0,1,2,1
0,0,0,0,0,0,0,0,0,0,0,0,0,0,0,0
1,0,0,1,0,0,0,0,0,0,0,0,0,0,0,0
0,0,0,0,0,0,0,0,0,0,0,0,0,0,0,0
0,0,2,0,0,0,0,0,0,0,0,0,0,0,0,0
0,0,0,0,0,0,0,0,0,0,0,0,0,0,0,0
0,0,0,0,0,0,0,0,0,0,0,0,0,0,0,0
0,0,0,0,0,0,0,0,0,0,0,0,0,0,0,0
3,4,7,0,1,5,0,0,0,3,6,1,1,1,3,2
2,0,3,1,0,0,0,0,0,0,0,0,0,0,0,0
0,1,1,0,0,0,0,0,0,0,1,0,0,0,1,1
0,0,0,0,0,0,0,0,0,0,0,0,0,0,0,0
0,0,0,0,0,0,0,0,0,0,1,0,0,0,0,0
9,6,10,8,10,6,5,6,4,1,4,7,0,2,0,6
0,0,0,0,0,0,0,0,0,0,0,0,0,0,0,1
0,0,0,0,0,0,0,0,0,0,0,0,0,0,0,0
0,0,0,1,0,0,1,1,0,0,0,0,0,0,0,0
1,0,0,0,0,0,0,0,0,0,0,0,0,0,0,2
0,0,0,0,0,0,0,0,0,0,1,0,0,0,0,0
0,0,2,2,2,2,5,1,3,1,0,2,2,0,0,2
0,0,0,0,0,0,0,0,0,1,0,0,0,0,1,0
0,0,0,0,0,0,0,0,0,0,0,0,0,0,0,0
0,0,0,0,0,1,0,0,0,0,0,0,0,0,0,0
0,0,0,0,0,1,0,0,0,0,0,0,0,0,0,0
17,10,12,6,19,6,7,9,7,2,22,4,19,20,15,7
13,1,10,7,15,8,13,4,2,26,40,5,127,56,43,11
1,2,0,2,2,0,2,1,2,1,1,0,2,0,0,1
0,0,0,0,0,0,0,0,0,0,0,0,0,0,0,0
0,0,0,0,0,0,1,0,0,0,0,0,0,0,0,0
1,0,0,0,1,1,0,0,1,0,0,0,0,0,0,0
0,0,0,0,0,0,1,0,0,0,0,0,0,1,0,0
5,4,1,4,8,9,5,1,4,2,2,4,2,13,5,3
2,4,0,0,1,0,0,0,1,0,0,0,0,0,0,0
0,0,0,1,0,0,0,0,0,0,0,0,0,0,0,0
1,0,1,0,1,0,0,0,0,2,1,0,0,0,0,0
0,1,4,1,3,2,1,2,1,6,4,1,1,1,2,0
0,0,0,0,0,0,0,0,0,0,0,0,0,0,0,1
0,0,0,0,0,0,0,0,0,0,0,0,0,0,0,0
0,0,0,0,0,0,0,0,0,0,0,0,1,0,0,0
0,0,0,0,0,0,0,0,0,0,0,1,0,0,1,0
0,0,0,0,0,0,0,0,0,0,0,0,0,0,0,0
1,0,0,0,0,0,0,0,0,0,0,0,0,0,1,0
0,0,0,0,1,0,0,1,1,0,0,0,0,0,1,2
0,0,0,0,0,0,0,0,0,1,0,0,0,0,0,0
1,1,0,0,0,0,0,0,0,0,1,0,0,0,0,0
0,0,0,0,0,0,0,0,0,0,0,0,0,1,0,0
0,0,0,0,0,0,0,0,0,0,0,0,1,0,0,0
0,0,0,0,0,0,0,2,0,0,0,0,0,0,0,0
0,1,0,0,0,1,0,0,0,1,0,0,0,0,0,2
0,0,0,0,0,0,0,0,0,0,0,0,0,0,0,0
0,0,0,0,0,0,0,0,0,0,0,0,0,0,0,0
1,0,1,0,0,1,0,0,0,0,0,0,0,0,0,1
0,0,0,0,0,0,0,0,0,0,0,0,0,0,0,0
2,0,1,0,6,4,8,1,3,4,1,8,6,0,0,8
0,0,0,0,0,0,0,0,0,0,0,0,0,0,0,1
0,0,0,0,0,0,0,0,0,0,0,0,0,0,0,0
0,0,0,0,0,0,0,0,0,0,0,0,0,0,0,0
0,0,0,0,0,0,0,0,0,0,0,0,0,0,0,0
0,0,0,0,0,0,0,0,0,0,0,0,0,0,0,0
0,1,0,0,1,0,0,0,0,0,0,0,0,0,0,0
0,0,0,0,0,0,0,0,0,0,0,0,0,0,0,0
2,0,0,0,0,0,1,2,0,0,0,0,1,0,0,0
0,0,0,0,0,0,0,2,0,1,0,0,0,0,0,1
1,0,0,0,0,0,1,0,0,0,0,0,0,0,0,2
0,0,1,0,1,1,0,0,0,0,0,0,0,0,0,0
1,0,1,0,2,0,1,1,0,1,1,1,2,1,1,0
0,0,1,0,1,1,0,0,0,0,0,0,0,0,0,0
0,0,0,0,0,0,2,0,0,0,0,0,0,0,1,0
0,0,0,0,0,0,0,0,0,1,0,0,0,0,0,0
0,0,0,0,0,0,0,0,0,0,0,0,0,0,0,0
1,2,0,0,1,1,0,2,2,0,0,0,0,0,0,0
0,0,1,2,0,0,0,0,2,0,0,0,0,0,0,0
0,0,0,0,0,0,0,0,0,0,0,0,0,0,0,0
0,0,0,0,0,1,0,0,0,0,0,0,0,0,0,0
0,0,0,0,0,0,0,1,0,1,0,0,0,1,0,0
1,2,1,2,3,0,1,1,0,0,0,1,0,0,0,1
0,0,0,0,0,0,2,0,0,0,2,0,1,0,0,0
0,1,0,2,4,0,3,0,0,0,0,0,0,0,0,1
0,0,0,0,0,0,0,0,0,0,0,0,0,0,0,0
1,0,0,0,0,0,0,0,0,0,0,0,0,0,0,0
1,0,0,2,5,2,1,1,0,0,0,1,0,0,0,0
0,0,0,0,2,0,0,1,1,0,0,1,1,0,0,0
1,0,0,1,2,0,7,2,0,0,0,0,0,0,0,2
0,0,0,0,0,0,0,0,0,0,0,2,0,0,0,0
0,0,0,0,0,0,1,0,0,0,0,0,0,1,0,0
4,0,0,2,5,1,1,0,0,2,0,0,2,1,1,1
0,0,0,0,0,0,0,0,0,0,0,0,0,1,0,0
0,0,0,0,1,0,0,0,0,0,0,0,0,0,1,0
14,1,2,2,0,0,0,0,0,36,10,5,8,15,7,0
0,0,0,0,0,0,0,0,0,1,0,0,0,0,0,0
7,4,4,1,0,0,0,0,0,2,1,0,0,0,2,0
0,0,0,0,0,0,0,0,0,1,0,0,0,0,0,0
0,0,0,0,0,0,0,0,0,0,0,0,0,0,0,0
0,0,0,0,0,0,0,0,0,0,0,0,0,0,0,0
14,23,17,17,6,20,4,8,4,13,4,0,0,0,2,1
1,1,1,0,0,0,0,0,0,0,0,0,0,0,0,0
1,1,2,0,0,1,0,0,0,7,0,0,2,1,0,1
0,0,0,0,0,0,0,0,0,0,0,0,0,0,0,0
2,1,0,2,1,1,0,0,0,2,0,2,1,0,0,1
0,0,0,0,1,0,0,0,0,0,0,0,0,0,0,0
0,0,0,0,0,1,0,1,0,0,0,0,0,0,0,0
0,0,0,0,0,0,0,0,0,0,0,0,0,0,0,0
0,0,0,0,0,0,0,0,0,0,0,0,0,0,0,0
0,0,0,1,1,0,0,0,0,1,0,0,0,0,0,1
0,0,0,0,0,1,0,0,0,0,0,1,0,0,0,0
0,0,0,0,0,0,0,0,0,0,0,0,0,0,0,0
0,0,0,0,0,0,0,0,0,0,0,0,0,0,0,0
0,1,0,0,2,0,1,0,0,0,0,0,0,0,0,0
1,0,0,0,0,0,0,0,0,0,0,0,0,0,0,0
13,3,11,7,0,0,0,0,0,1,0,0,0,0,0,0
7,2,4,9,0,0,0,0,0,1,0,0,0,0,0,0
181,85,107,154,1,0,0,0,0,6,2,0,1,0,0,0
0,2,1,1,0,0,0,0,0,0,0,0,0,0,0,0
1,0,0,0,0,0,1,0,0,0,0,0,0,0,0,0
0,0,1,0,0,0,0,0,0,0,0,0,0,3,0,0
0,1,1,0,0,0,0,0,0,0,0,0,0,0,0,0
0,1,0,2,3,0,0,0,0,1,0,0,0,0,0,0
0,0,0,0,0,0,0,0,0,0,1,0,0,0,0,0
0,0,0,0,0,0,1,0,0,0,0,0,0,0,1,0
1,1,0,0,0,1,4,0,0,0,3,0,2,2,1,2
2,0,1,2,0,0,1,0,0,1,0,0,0,1,1,0
0,0,1,0,0,0,0,0,0,0,0,0,0,0,0,0
1,0,1,1,0,0,0,0,0,0,1,0,0,1,0,0
0,0,0,0,1,1,1,0,0,0,0,0,0,0,0,0
0,1,0,0,0,1,0,0,0,0,0,0,0,0,0,0
0,0,0,1,0,0,0,0,0,0,0,0,0,0,0,0
1,0,0,0,0,0,0,0,0,0,0,0,0,0,0,0
0,0,0,0,0,0,0,0,0,0,0,0,0,0,0,0
2,0,3,3,2,0,1,0,1,0,0,0,2,0,0,0
0,0,0,0,0,0,0,0,1,0,1,0,0,0,0,0
0,0,0,0,0,0,0,0,0,1,1,0,2,2,1,0
0,0,0,0,1,0,0,0,0,0,0,0,0,0,0,0
1,0,0,0,0,0,0,0,0,0,1,0,0,0,0,0
0,0,0,0,0,0,0,1,0,0,0,0,0,1,0,0
4,0,0,0,0,0,1,0,1,1,0,0,0,0,1,0
0,0,0,0,2,0,0,0,1,0,0,0,0,1,0,0
1,0,1,0,1,1,0,0,0,0,0,1,0,0,0,0
0,0,0,1,2,0,0,2,0,0,0,0,0,0,0,0
0,0,0,1,1,1,0,0,0,0,0,0,0,1,0,0
0,1,0,0,1,0,0,0,0,0,0,0,0,0,0,0
0,0,0,0,0,0,0,0,0,0,0,0,0,0,0,0
0,0,0,0,1,0,0,0,0,0,0,0,0,0,0,0
0,1,0,0,1,0,0,0,0,0,0,0,0,0,0,0
0,0,0,0,0,0,1,0,0,0,0,0,0,0,0,0
0,0,0,0,0,0,0,1,0,3,1,0,0,0,0,0
0,0,0,0,0,0,0,0,0,0,0,0,0,1,0,0
1,0,0,0,0,0,0,0,0,0,0,0,0,0,0,0
1,0,0,0,0,0,0,0,0,0,0,0,1,0,0,0
0,0,0,0,2,1,0,0,0,0,0,0,0,0,3,0
0,0,0,0,0,0,0,0,0,0,0,1,0,0,0,0
0,1,0,0,0,0,0,0,0,0,0,0,0,0,1,0
0,0,0,0,0,0,0,0,0,0,0,0,0,0,0,0
0,0,0,0,1,0,0,0,0,0,0,1,0,0,0,0
0,0,0,0,0,1,0,0,0,0,0,0,0,0,0,0
0,0,0,0,0,0,2,1,0,0,0,0,0,0,0,0
1,0,3,2,0,0,0,0,0,0,0,0,0,0,0,0
1,0,0,0,0,0,0,0,0,0,0,0,0,0,0,0
0,0,0,0,0,0,0,0,0,0,0,0,0,1,0,0
0,0,0,0,0,0,0,0,0,0,0,0,0,0,0,0
0,0,0,0,0,0,0,0,0,0,0,0,0,0,0,0
0,0,0,0,0,0,2,0,0,0,0,0,0,0,0,0
0,0,0,0,2,0,2,0,0,0,0,0,0,0,0,0
0,0,0,0,0,0,0,0,0,0,0,0,0,0,0,0
0,0,0,0,0,0,0,0,0,0,0,0,0,0,0,0
0,0,0,0,0,0,0,0,0,0,0,0,0,0,0,0
0,0,0,0,0,0,0,0,0,0,0,0,0,0,0,0
0,0,0,0,0,0,0,0,0,0,0,0,0,0,0,0
0,0,0,0,0,0,0,0,0,0,0,0,0,0,0,0
0,0,0,0,0,0,0,0,0,0,0,0,0,0,0,0
0,0,0,0,15,8,2,0,0,0,0,3,1,0,0,2
0,0,0,0,0,0,0,0,0,0,0,0,1,0,0,0
0,0,0,0,0,0,0,0,0,0,0,0,0,0,0,0
0,0,0,1,0,0,0,0,0,0,0,0,0,0,0,0
1,0,0,0,0,0,1,0,0,0,0,0,0,1,0,0
0,0,0,0,0,0,0,0,0,0,0,0,0,0,0,0
0,0,0,0,0,0,0,0,1,2,2,0,0,1,0,0
0,0,1,0,0,0,0,0,0,0,0,0,0,0,0,0
0,0,0,0,0,0,0,0,0,0,0,0,0,0,0,0
0,0,0,0,0,0,0,0,0,0,0,0,0,0,0,0
1,0,0,0,0,0,0,0,0,0,0,0,0,0,0,0
2,0,0,1,0,0,0,1,0,0,0,0,1,0,0,0
0,0,0,0,0,0,0,0,0,1,0,0,0,0,0,0
0,0,0,0,0,0,0,0,0,0,0,0,0,0,0,0
0,0,0,0,0,0,0,0,0,0,0,0,0,0,0,0
2,0,1,0,0,0,0,0,0,0,0,0,0,0,0,0
0,0,0,0,0,0,0,0,0,0,0,0,0,0,0,0
1,0,1,0,0,0,0,0,0,0,0,0,0,0,0,0
0,0,0,0,0,0,0,0,0,0,0,0,0,0,0,0
0,0,0,1,0,1,0,0,0,0,0,0,0,0,0,0
0,0,0,0,0,0,0,0,0,0,0,0,0,0,0,0
0,0,0,0,0,0,0,0,0,0,0,0,0,0,0,0
0,0,0,0,0,0,0,0,0,0,0,0,0,0,0,0
0,0,0,0,0,0,0,0,0,0,0,0,0,0,0,0
2,0,0,0,0,0,0,0,0,0,0,0,0,0,0,0
0,0,0,0,0,0,0,0,0,0,0,0,0,0,0,0
0,0,0,0,0,0,0,0,0,0,0,0,2,0,0,0
0,1,0,0,0,0,0,0,0,0,0,0,0,0,0,0
9,9,14,17,5,13,1,4,4,2,1,0,1,0,2,3
0,2,0,2,1,2,0,1,2,0,0,0,0,0,0,0
0,0,0,0,0,0,0,0,0,0,0,0,0,0,0,0
0,0,2,0,0,0,2,0,1,0,0,0,0,0,0,0
0,0,0,0,0,0,0,0,0,0,0,0,0,0,0,0
0,0,0,0,0,1,0,0,0,0,0,0,0,0,0,0
41,52,12,44,11,33,20,15,15,39,19,11,19,34,31,18
0,0,0,0,0,0,0,0,1,0,0,0,0,0,0,0
2,1,0,0,1,1,0,0,1,2,1,0,1,1,4,2
0,0,0,0,1,1,0,0,0,0,0,0,0,1,1,0
0,0,0,0,0,0,0,0,0,0,0,0,1,0,0,0
9,7,4,3,0,6,5,4,4,12,9,3,10,12,9,9
1,0,0,0,2,0,0,0,0,0,1,0,0,3,0,0
3,3,2,4,2,2,0,0,2,8,5,7,5,12,5,3
0,1,0,1,0,0,0,0,0,0,0,0,3,1,5,0
6,1,1,1,2,0,0,0,1,5,0,0,0,3,1,1
2,0,0,0,0,0,0,0,0,0,0,0,0,0,0,0
15,4,3,6,11,14,8,21,6,13,3,7,10,21,17,6
1,1,1,0,2,2,0,1,0,1,0,0,0,0,0,0
0,0,1,0,0,0,0,0,0,2,0,0,1,0,2,0
0,0,0,0,0,0,0,0,0,0,0,0,0,0,0,0
0,0,0,0,1,2,0,0,0,1,0,0,0,0,1,0
0,0,0,0,0,2,0,1,0,0,0,0,0,1,0,0
0,0,0,0,0,0,0,0,0,0,0,0,1,0,0,0
0,0,0,1,0,0,0,0,0,0,0,0,1,0,0,0
0,0,0,0,0,1,0,0,0,0,0,0,0,0,0,0
0,0,0,1,0,0,0,0,0,0,0,0,0,0,0,0
0,0,0,0,0,0,1,0,0,0,1,0,0,0,0,0
0,0,0,0,0,0,0,0,0,0,0,0,0,0,0,0
0,0,1,0,0,0,1,0,0,0,0,0,0,0,0,0
0,0,0,0,0,0,0,0,0,0,0,0,0,0,0,0
3,1,0,0,1,1,0,0,1,2,3,1,1,1,1,4
0,1,0,0,0,0,0,0,0,2,0,0,0,0,0,1
2,1,1,0,1,2,0,1,0,2,6,4,6,2,2,4
0,0,0,0,0,0,0,0,0,0,0,0,0,0,0,0
3,0,0,0,0,0,0,0,0,2,0,0,3,0,1,0
0,0,0,0,0,0,0,0,0,0,0,0,0,0,0,0
42,56,40,19,13,16,33,68,59,49,31,36,25,16,18,26
0,0,0,0,2,0,0,1,0,1,0,0,0,0,0,0
0,0,0,0,1,1,0,0,0,0,0,0,1,0,0,0
0,0,0,0,4,0,3,0,0,0,0,0,0,0,0,0
0,0,0,0,0,0,0,0,0,0,0,0,0,0,0,0
0,0,0,0,0,0,0,0,0,0,0,0,0,0,0,0
0,0,0,0,0,0,0,0,0,0,1,0,0,0,0,1
0,0,1,1,0,0,0,0,0,0,0,0,0,0,0,0
6,4,3,4,14,7,10,10,16,8,5,22,7,9,9,11
3,0,4,0,36,11,12,1,4,0,0,0,0,2,6,9
6,1,1,2,0,0,0,0,0,6,1,2,0,2,1,0
0,0,1,1,0,1,0,0,0,0,1,0,1,1,2,2
0,0,0,0,0,0,0,0,0,0,0,0,0,1,0,0
0,0,0,0,0,0,0,0,0,1,0,0,0,0,0,0
1,0,0,0,0,0,0,0,0,0,0,0,0,0,0,0
0,0,0,0,0,0,0,0,0,0,0,0,0,0,1,0
0,0,0,0,1,0,0,0,0,0,0,0,0,0,0,0
0,0,0,0,0,0,0,0,0,0,0,0,0,0,0,0
0,0,0,0,0,0,0,0,0,0,0,0,0,0,0,0
0,0,0,0,1,0,0,0,0,0,0,0,0,0,0,0
0,0,0,0,0,0,0,0,0,0,1,0,0,0,0,0
0,0,0,2,1,0,0,1,0,1,0,0,0,0,0,0
0,0,0,0,0,0,0,0,0,0,0,0,0,0,0,1
0,0,1,0,0,0,0,0,0,0,0,0,0,0,1,0
0,0,0,0,0,0,0,0,0,1,0,0,0,0,1,0
0,0,0,0,0,0,0,0,0,0,0,0,0,0,0,0
0,0,0,0,0,0,0,0,0,0,0,0,0,0,0,0
0,0,0,0,0,0,0,0,0,0,0,0,0,0,0,0
0,0,0,0,0,0,0,0,0,0,0,0,0,0,0,0
0,0,0,0,0,0,0,0,0,0,0,0,0,0,0,0
4,1,4,2,2,2,3,4,1,1,0,1,3,0,1,1
73,97,121,80,49,76,30,26,37,38,21,7,49,19,13,20
11,8,9,5,3,8,2,2,6,4,0,2,4,0,1,5
1,0,0,0,0,1,0,0,0,0,0,0,0,0,0,0
0,0,0,0,0,0,0,0,0,0,0,0,0,0,0,0
4,4,2,1,0,0,0,0,0,2,1,1,2,1,1,0
9,5,8,3,1,2,4,1,3,8,7,2,3,2,4,2
2,1,0,3,0,2,0,0,0,0,0,0,0,0,0,0
0,0,0,0,0,0,0,0,0,0,0,0,0,0,0,0
0,0,0,0,0,0,0,0,0,0,0,0,0,0,0,0
0,0,1,0,0,0,0,0,0,0,1,0,0,0,1,0
27,5,13,15,1,0,0,0,0,0,0,0,0,0,0,1
0,0,0,0,0,0,0,0,0,0,0,0,0,0,0,0
0,0,0,1,0,0,0,0,0,0,0,0,0,0,0,0
0,0,0,2,0,0,0,0,0,0,0,0,0,0,0,0
0,0,0,0,0,0,0,0,0,0,0,0,0,0,0,0
1,0,1,0,0,0,0,0,0,5,5,0,1,4,1,0
0,0,1,0,0,0,0,0,0,0,0,0,0,0,0,0
0,0,0,0,0,0,0,0,0,0,0,0,0,0,0,0
0,0,0,0,0,0,0,0,0,0,0,0,0,0,0,0
0,0,0,0,0,0,0,0,0,0,0,0,0,0,0,0
0,0,0,0,0,0,0,0,0,0,0,0,0,0,0,0
0,0,0,0,0,0,0,0,0,0,0,0,0,0,0,0
0,0,0,0,0,0,0,0,0,1,0,0,0,0,0,0
11,6,5,10,5,8,9,6,8,15,7,9,16,10,3,2
0,0,0,0,0,0,0,0,0,0,0,0,0,0,1,0
0,0,0,0,0,0,0,0,0,0,0,0,0,0,0,0
0,1,0,0,0,0,0,0,0,1,0,0,0,0,0,0
2,3,1,4,2,4,2,1,3,3,1,0,1,2,0,3
1,1,0,2,0,2,1,0,0,0,1,0,1,0,0,0
0,0,1,0,0,0,0,0,0,0,0,1,0,1,0,0
12,3,6,7,3,4,1,1,2,12,6,5,3,3,7,5
1,0,1,0,0,0,0,0,0,0,0,0,0,0,0,0
1,0,0,1,0,0,0,0,0,0,0,0,0,0,0,0
0,0,0,0,0,0,0,0,1,0,0,2,0,0,1,0
4,1,0,2,1,1,2,0,0,1,1,1,1,0,3,2
4,0,0,1,0,0,0,1,0,4,4,1,0,0,0,1
0,0,0,0,0,0,0,0,0,0,0,0,0,0,0,0
0,0,0,0,0,0,0,0,1,0,0,0,0,0,0,0
0,0,0,0,0,1,0,0,0,0,0,0,0,0,0,0
0,0,0,0,0,0,0,0,0,0,0,0,0,0,0,0
3,0,3,1,0,0,0,1,0,5,2,1,2,0,2,1
40,18,19,10,6,12,14,21,9,8,7,15,9,7,7,31
12,5,13,10,6,4,4,12,5,3,1,10,6,2,1,8
13,1,3,3,2,0,0,2,1,13,3,3,3,6,2,1
85,23,25,17,49,18,32,41,39,62,24,37,53,46,48,56
6,1,4,3,0,0,0,0,4,3,10,0,6,3,3,1
3,2,3,0,0,1,0,0,2,9,3,0,3,3,4,1
7,1,5,1,0,0,0,0,0,17,7,5,5,14,3,2
0,0,0,0,0,0,0,0,0,0,1,0,0,0,0,0
0,0,0,0,1,0,0,0,0,0,0,0,0,0,0,0
1,0,0,0,0,0,0,0,0,0,0,0,0,0,0,0
0,0,0,0,0,0,0,0,0,3,0,0,1,0,1,0
1,0,0,0,0,0,0,0,0,0,0,1,0,0,0,0
0,0,1,0,1,0,0,1,0,0,2,0,0,1,1,0
0,0,0,0,0,0,0,0,0,0,0,0,0,0,0,0
0,0,0,0,1,0,0,0,0,0,0,0,0,0,0,0
0,0,0,0,0,1,0,0,0,0,1,0,0,0,0,0
2,1,0,0,0,0,0,0,0,0,0,0,0,0,0,1
0,0,0,0,2,0,0,0,0,0,0,0,0,0,0,0
0,0,0,0,2,5,1,1,0,0,0,0,0,0,0,1
0,0,0,0,0,0,0,0,0,0,0,0,0,1,0,0
0,0,0,0,0,0,0,0,1,0,0,0,0,0,0,1
0,0,0,0,0,0,0,0,0,0,0,0,0,0,0,0
0,0,0,0,0,0,0,0,0,0,0,0,0,0,0,0
1,0,0,0,0,0,0,0,0,0,0,0,0,0,0,0
0,0,0,0,0,0,0,0,0,0,0,0,0,0,0,0
0,0,0,0,0,0,0,0,0,0,0,0,0,0,0,0
5,0,1,4,4,4,1,3,1,6,6,1,14,7,2,3
0,0,0,1,0,0,0,0,0,0,0,1,0,0,0,0
3,1,1,1,0,0,0,0,0,3,0,1,3,1,0,1
0,0,0,0,0,0,0,0,0,0,0,0,0,0,0,0
0,1,0,1,0,0,0,0,0,0,0,0,0,0,0,0
0,0,1,0,3,6,0,0,0,0,0,0,1,0,1,1
0,0,0,0,0,0,0,0,0,0,0,0,0,0,0,0
0,0,0,0,0,0,0,0,0,0,0,0,0,0,0,0
1,0,0,0,0,0,0,0,0,0,0,0,1,0,0,3
2,0,0,0,3,0,0,0,1,1,0,1,2,0,2,2
0,0,0,0,0,0,0,0,0,0,0,0,0,0,0,0
1,0,1,0,0,0,0,0,0,14,3,3,1,1,1,0
118,44,47,67,10,27,13,24,25,69,51,40,44,24,29,40
4,7,8,6,3,7,4,7,5,2,6,2,2,4,4,10
0,0,0,0,0,0,0,0,0,0,0,0,0,0,0,0
0,1,0,1,0,0,0,0,0,0,0,0,0,0,0,0
0,0,0,0,0,0,1,0,0,0,0,0,0,0,0,0
0,0,0,0,0,0,0,0,0,0,0,0,0,0,0,0
1,0,0,0,0,0,0,0,0,0,0,0,0,1,0,0
0,0,0,0,0,0,0,0,0,0,0,0,0,0,0,0
0,0,0,0,0,1,1,0,0,0,0,0,0,0,0,0
13,4,10,9,16,7,16,5,4,5,10,11,13,8,4,12
0,0,0,0,0,0,0,0,0,1,0,0,0,0,0,0
0,0,0,0,0,0,0,0,0,0,0,0,0,0,0,0
5,7,3,12,0,0,0,0,0,0,0,0,1,0,0,0
0,0,1,0,1,0,0,0,0,0,0,0,0,0,0,0
0,0,0,1,0,1,1,0,0,2,0,0,0,0,2,0
0,0,0,0,0,1,1,0,1,0,1,1,0,0,0,0
0,0,0,0,0,1,0,0,0,0,0,0,0,0,0,0
0,0,2,0,0,0,1,0,0,0,0,0,0,0,0,0
0,0,0,0,0,0,0,0,0,0,0,0,0,0,0,0
77,22,18,35,13,16,16,8,15,52,21,8,17,29,32,16
6,5,2,3,4,12,2,4,4,4,1,2,1,1,3,0
0,0,0,0,0,0,0,0,0,0,0,0,0,0,0,0
