trap,strata,sp1,sp2,sp3,sp4,sp5,sp6,sp7,sp8,sp9,sp10,sp11,sp12,sp13,sp14,sp15,sp16,sp17,sp18,sp19,sp20,sp21,sp22,sp23,sp24,sp25,sp26,sp27,sp28,sp29,sp30,sp31,sp32,sp33,sp34,sp35,sp36,sp37,sp38,sp39,sp40,sp41,sp42,sp43,sp44,sp45,sp46,sp47,sp48,sp49,sp50,sp51,sp52,sp53,sp54,sp55,sp56,sp57,sp58,sp59,sp60,sp61,sp62,sp63,sp64,sp65,sp66,sp67,sp68,sp69,sp70,sp71,sp72,sp73,sp74,sp75,sp76,sp77,sp78,sp79,sp80,sp81,sp82,sp83,sp84,sp85,sp86,sp87,sp88,sp89,sp90,sp91,sp92,sp93,sp94,sp95,sp96,sp97,sp98,sp99,sp100,sp101,sp102,sp103,sp104,sp105,sp106,sp107,sp108,sp109,sp110,sp111,sp112,sp113,sp114,sp115,sp116,sp117,sp118,sp119,sp120,sp121,sp122,sp123,sp124,sp125,sp126,sp127,sp128,sp129,sp130,sp131,sp132,sp133,sp134,sp135,sp136,sp137,sp138,sp139,sp140,sp141,sp142,sp143,sp144,sp145,sp146,sp147,sp148,sp149,sp150,sp151,sp152,sp153,sp154,sp155,sp156,sp157,sp158,sp159,sp160,sp161,sp162,sp163,sp164,sp165,sp166,sp167,sp168,sp169,sp170,sp171,sp172,sp173,sp174,sp175,sp176,sp177,sp178,sp179,sp180,sp181,sp182,sp183,sp184,sp185,sp186,sp187,sp188,sp189,sp190,sp191,sp192,sp193,sp194,sp195,sp196,sp197,sp198,sp199,sp200,sp201,sp202,sp203,sp204,sp205,sp206,sp207,sp208,sp209,sp210,sp211,sp212,sp213,sp214,sp215,sp216,sp217,sp218,sp219,sp220,sp221,sp222,sp223,sp224,sp225,sp226,sp227,sp228,sp229,sp230,sp231,sp232,sp233,sp234,sp235,sp236,sp237,sp238,sp239,sp240,sp241,sp242,sp243,sp244,sp245,sp246,sp247,sp248,sp249,sp250,sp251,sp252,sp253,sp254,sp255,sp256,sp257,sp258,sp259,sp260,sp261,sp262,sp263,sp264,sp265,sp266,sp267,sp268,sp269,sp270,sp271,sp272,sp273,sp274,sp275,sp276,sp277,sp278,sp279,sp280,sp281,sp282,sp283,sp284,sp285,sp286,sp287,sp288,sp289,sp290,sp291,sp292,sp293,sp294,sp295,sp296,sp297,sp298,sp299,sp300,sp301,sp302,sp303,sp304,sp305,sp306,sp307,sp308,sp309,sp310,sp311,sp312,sp313,sp314,sp315,sp316,sp317,sp318,sp319,sp320,sp321,sp322,sp323,sp324,sp325,sp326,sp327,sp328,sp329,sp330,sp331,sp332,sp333,sp334,sp335,sp336,sp337,sp338,sp339,sp340,sp341,sp342,sp343,sp344,sp345,sp346,sp347,sp348,sp349,sp350,sp351,sp352,sp353,sp354,sp355,sp356,sp357,sp358,sp359,sp360,sp361,sp362,sp363,sp364,sp365,sp366,sp367,sp368,sp369,sp370,sp371,sp372,sp373,sp374,sp375,sp376,sp377,sp378,sp379,sp380,sp381,sp382,sp383,sp384,sp385,sp386,sp387,sp388,sp389,sp390,sp391,sp392,sp393,sp394,sp395,sp396,sp397,sp398,sp399,sp400,sp401,sp402,sp403,sp404,sp405,sp406,sp407,sp408,sp409,sp410,sp411,sp412,sp413,sp414,sp415,sp416,sp417,sp418,sp419,sp420,sp421,sp422,sp423,sp424,sp425,sp426,sp427,sp428,sp429,sp430,sp431,sp432,sp433,sp434,sp435,sp436,sp437,sp438,sp439,sp440,sp441,sp442,sp443,sp444,sp445,sp446,sp447,sp448,sp449,sp450,sp451,sp452,sp453,sp454,sp455,sp456,sp457,sp458,sp459,sp460,sp461,sp462,sp463,sp464,sp465,sp466,sp467,sp468,sp469,sp470,sp471,sp472,sp473,sp474,sp475,sp476,sp477,sp478,sp479,sp480,sp481,sp482,sp483,sp484,sp485,sp486,sp487,sp488,sp489,sp490
c1,canopy,0,0,0,6,0,1,6,2,0,7,0,0,0,6,0,7,0,22,5,0,0,1,0,1,0,1,0,0,0,0,0,0,0,3,0,0,0,0,0,1,0,1,0,0,1,0,0,1,0,0,0,0,0,0,10,0,0,0,0,0,0,0,0,2,0,0,0,0,0,0,0,0,0,0,0,0,0,1,3,1,0,0,0,0,0,0,0,0,0,2,0,0,0,0,0,0,0,1,12,0,0,0,0,0,1,0,0,0,0,0,0,0,0,0,0,0,0,0,0,0,0,1,0,1,0,0,8,0,6,0,0,0,14,0,0,0,0,5,0,0,0,0,0,0,0,0,1,0,1,0,0,0,0,0,0,0,1,0,0,0,0,0,0,0,0,2,0,0,3,1,0,1,0,0,1,0,0,1,0,0,1,0,0,0,0,0,0,0,0,0,0,0,0,0,0,0,0,0,0,0,0,2,0,1,0,0,0,0,0,0,0,0,0,0,1,0,0,2,14,0,0,0,0,0,0,0,1,0,0,1,0,0,0,0,1,13,0,0,0,0,0,0,0,0,1,0,0,0,0,0,0,0,0,0,0,0,0,0,0,0,0,0,0,0,0,0,0,0,1,0,0,0,0,0,0,0,0,0,0,1,0,0,0,0,0,0,0,0,0,0,0,0,0,0,0,0,0,2,0,1,0,0,0,0,0,0,0,0,0,0,0,0,0,0,0,0,0,1,0,0,0,0,0,1,0,0,0,5,0,0,0,0,1,0,1,0,2,0,5,0,0,0,0,0,0,0,0,0,0,0,0,7,0,0,0,0,0,0,7,0,0,0,0,0,0,0,1,1,0,0,0,0,0,0,0,0,0,0,0,1,0,0,0,0,0,0,0,0,0,4,1,0,0,3,1,0,0,0,0,2,0,0,0,0,0,0,0,0,0,0,0,0,3,0,0,1,4,0,0,3,0,0,0,0,0,0,0,0,0,0,12,5,3,12,0,1,3,0,0,0,0,0,0,1,0,0,0,0,0,0,0,0,0,0,0,0,0,1,0,0,0,0,0,0,0,0,0,0,39,12,0,0,0,0,0,3,1,1,0,0,0,0,0,0,0,0,0,5,1,0
c3,canopy,0,0,2,2,0,2,1,0,1,14,0,0,0,10,0,2,0,12,5,0,1,1,1,0,0,3,0,0,0,0,0,0,0,0,0,0,0,1,0,0,0,0,0,0,0,0,0,0,0,0,0,0,0,0,6,0,0,0,0,0,0,0,0,3,0,0,0,0,0,0,0,2,0,0,0,0,0,1,0,0,0,0,0,0,0,0,0,0,0,0,0,0,0,0,0,0,0,0,7,0,0,0,0,0,0,0,0,0,0,0,0,0,0,0,0,0,0,0,0,0,0,0,0,0,0,0,1,0,0,0,0,0,10,0,0,0,0,0,1,0,0,0,0,0,0,0,0,0,0,0,0,0,0,1,0,0,0,0,0,0,0,0,0,0,0,1,0,0,1,0,0,0,0,0,0,1,0,0,0,0,0,0,0,0,0,0,0,0,0,0,0,0,0,1,0,0,0,0,0,0,0,0,0,0,0,0,0,0,1,0,0,0,0,0,4,0,0,0,3,0,0,0,0,0,0,1,0,0,0,0,0,0,0,0,0,5,0,0,0,0,0,0,0,0,0,0,0,0,0,0,0,0,2,0,0,0,0,0,0,0,0,0,0,0,1,0,0,0,0,0,0,0,0,0,0,1,0,0,0,0,0,0,0,0,0,0,0,0,0,0,0,0,0,0,0,0,0,0,0,0,0,1,0,1,0,0,1,0,0,0,0,0,0,0,0,0,0,0,1,0,0,16,0,0,0,0,0,5,0,0,0,0,2,0,1,0,0,0,0,1,0,0,0,0,0,0,0,0,0,0,0,0,0,0,0,0,0,0,0,0,0,0,0,0,0,0,0,0,0,0,0,0,0,0,0,0,0,0,0,0,0,0,0,0,0,0,0,0,0,0,0,0,0,1,0,0,0,0,0,0,0,0,0,0,0,0,0,0,0,0,0,0,4,0,0,0,1,0,0,1,0,0,0,0,0,0,0,0,0,0,0,0,1,0,0,0,0,0,0,0,0,0,0,0,0,0,0,0,0,0,0,0,0,0,0,0,0,0,0,0,0,0,0,0,0,0,0,0,37,3,0,0,0,0,0,0,0,0,0,0,0,0,0,0,0,0,0,3,0,0
c5,canopy,0,0,0,3,0,0,0,2,0,21,0,1,0,7,0,3,0,27,6,0,0,0,0,0,0,4,0,0,0,0,0,0,0,0,0,0,0,1,0,0,0,0,0,0,0,0,0,0,0,0,0,0,0,0,9,0,0,0,0,0,0,1,0,1,1,0,0,0,0,0,0,2,0,0,3,0,0,0,0,1,0,0,0,0,0,0,0,0,0,0,0,0,0,0,0,0,0,0,7,0,0,0,0,0,0,0,0,0,0,0,0,0,0,0,0,1,0,0,0,0,0,0,1,0,0,0,5,0,9,0,0,1,5,0,0,0,0,0,0,1,0,0,0,0,0,0,0,0,0,0,0,0,0,0,0,0,0,0,0,0,0,0,0,0,0,1,0,0,1,0,0,0,0,0,0,0,0,0,0,0,0,0,0,0,0,0,0,0,0,0,0,0,0,0,0,0,0,0,0,0,0,0,0,0,0,0,0,0,0,0,0,0,0,0,0,0,0,0,4,1,0,0,0,0,0,0,0,0,0,0,0,0,0,0,0,3,0,0,0,0,0,0,0,0,0,0,0,0,0,0,0,1,0,0,0,0,0,0,0,0,0,0,0,0,0,0,0,0,0,0,0,0,0,0,0,0,0,0,0,0,0,2,0,0,0,0,0,0,0,0,0,0,0,0,0,0,0,0,0,0,0,0,0,0,0,0,0,0,0,0,0,0,0,0,0,0,0,0,0,0,0,4,0,0,0,0,0,1,0,0,1,0,2,0,0,0,0,0,1,0,0,0,0,0,0,0,0,0,0,0,0,0,0,0,0,0,0,0,0,0,0,0,0,0,0,0,0,0,0,0,0,0,0,0,0,0,0,0,0,0,0,0,0,0,0,0,0,0,0,3,0,0,0,0,0,0,0,0,0,0,0,0,0,0,0,0,0,0,0,0,0,0,0,0,0,0,3,0,0,4,0,0,0,1,0,0,0,0,0,0,0,1,0,1,4,0,1,0,0,0,0,0,0,0,0,0,0,0,0,0,0,0,0,0,0,0,0,0,0,0,0,0,0,0,0,0,0,0,24,4,0,0,0,0,0,0,0,0,0,0,0,1,0,0,0,0,0,1,0,0
c7,canopy,0,0,0,1,0,1,0,1,0,12,0,0,0,6,1,6,2,12,2,0,0,1,1,0,0,6,0,0,0,0,0,0,0,2,0,0,0,1,1,0,0,0,0,0,2,1,1,0,0,0,0,0,0,0,2,0,0,0,0,0,0,0,0,0,0,0,0,0,0,0,0,3,0,0,3,0,0,0,0,0,0,0,0,0,0,0,0,0,0,0,0,0,0,0,0,0,0,2,8,0,0,0,0,0,0,0,0,0,1,0,0,0,1,0,0,0,0,1,0,0,0,0,0,0,0,0,6,0,0,0,0,0,3,0,0,0,0,2,0,0,0,1,0,0,0,0,1,0,0,1,0,0,0,0,0,0,0,0,0,0,0,0,0,0,0,0,0,0,0,0,0,0,0,0,0,0,0,0,0,0,0,0,0,0,0,0,0,0,0,0,0,0,0,0,0,1,0,0,0,0,0,1,0,0,0,0,0,0,0,0,0,0,0,0,0,0,0,0,2,0,0,0,0,0,0,0,0,1,0,0,0,0,0,0,0,5,0,0,0,0,0,0,0,0,0,0,0,0,0,0,0,0,0,0,0,0,0,0,0,0,0,0,0,0,0,0,0,0,0,0,0,0,0,0,0,0,0,0,0,0,0,0,0,0,0,0,0,0,0,0,0,0,0,0,0,0,0,0,0,0,0,0,0,0,0,0,0,0,0,0,0,0,0,0,0,0,0,0,0,0,0,6,0,0,0,0,0,4,0,0,0,0,1,0,0,0,0,0,1,0,0,0,0,0,0,0,0,0,0,0,0,0,0,0,0,0,0,0,0,0,0,0,0,0,0,0,0,0,0,0,0,0,0,0,0,0,0,0,0,0,0,0,0,0,0,0,0,0,0,4,0,0,0,0,0,0,0,0,0,0,0,0,0,0,0,0,1,0,0,0,0,0,3,0,0,0,6,0,1,1,0,0,0,0,0,0,0,0,0,0,1,3,3,0,4,0,0,0,0,0,0,0,0,0,0,0,0,0,0,0,0,0,0,0,0,0,0,0,0,0,0,0,0,0,0,0,0,0,27,2,0,0,0,0,0,0,2,0,0,0,1,0,0,0,0,0,0,7,0,0
c9,canopy,0,0,1,5,0,1,2,0,0,3,1,2,0,3,0,5,0,18,1,0,0,2,1,1,1,4,0,0,0,0,1,0,0,0,0,0,0,0,0,0,0,0,0,0,0,0,0,0,0,0,0,0,0,0,4,0,0,0,0,0,0,1,0,0,0,0,0,0,0,0,0,1,0,0,0,0,0,0,0,0,0,0,0,0,0,0,0,0,0,0,0,0,0,0,0,0,0,2,7,0,0,0,0,0,1,1,0,0,0,0,0,0,0,0,0,0,0,0,0,0,0,0,0,0,0,1,5,0,0,0,0,0,1,0,0,0,0,2,0,0,0,1,0,0,1,0,0,0,0,0,0,0,0,3,0,1,0,0,0,0,0,0,0,0,1,0,0,0,0,0,0,1,0,0,1,0,0,0,0,0,0,0,0,0,0,0,0,0,0,0,0,0,0,0,0,0,0,0,0,0,0,1,0,0,0,0,0,0,0,0,0,0,0,0,0,0,0,0,2,0,0,0,0,0,1,0,0,0,0,0,0,0,0,0,0,1,0,0,0,0,0,0,0,0,0,0,0,0,0,0,0,0,0,0,0,0,0,0,0,0,0,0,0,0,0,0,0,0,0,0,0,0,0,0,0,0,0,0,0,0,0,0,0,0,0,0,0,0,0,0,0,0,0,0,0,0,0,3,0,0,0,0,0,0,0,0,2,0,0,0,0,0,0,0,0,0,0,0,0,0,0,9,0,0,0,1,0,3,0,0,0,0,4,0,2,0,0,0,4,0,0,0,0,0,0,0,0,0,0,0,0,0,0,0,0,0,0,0,3,0,0,0,0,0,0,0,0,0,0,0,0,0,0,0,0,0,0,0,0,0,1,0,0,0,0,0,0,0,0,1,0,0,0,1,0,0,0,0,0,0,0,0,0,1,0,0,0,0,0,0,0,0,0,0,0,0,0,0,0,0,0,0,0,1,0,0,0,0,0,0,1,7,0,1,1,0,0,0,0,0,0,0,0,0,0,0,0,0,0,0,0,0,0,0,0,0,0,0,0,0,0,0,0,0,0,0,0,0,23,6,0,0,0,0,0,0,0,0,0,0,0,0,0,1,0,0,0,4,0,0
c11,canopy,0,0,1,7,0,3,1,0,0,10,0,2,0,4,1,4,0,24,10,0,1,1,0,0,0,8,0,0,0,0,0,0,0,0,0,1,0,0,0,0,0,0,0,0,0,0,0,0,0,0,0,1,0,0,4,0,0,1,0,0,0,0,0,1,0,0,0,0,0,0,0,0,0,0,3,0,0,0,0,2,0,0,0,0,0,0,0,0,0,0,0,0,0,0,0,0,0,1,16,0,0,0,0,0,0,0,0,0,0,0,0,0,0,0,0,0,0,0,0,0,0,0,0,0,0,0,0,0,0,0,0,0,7,2,1,0,0,0,0,0,0,0,0,0,0,0,1,0,0,1,0,0,0,0,0,0,0,0,0,0,0,0,0,0,0,2,0,0,0,0,0,1,0,1,0,0,1,0,0,0,0,1,0,0,0,0,0,0,0,0,0,0,0,0,0,0,0,0,0,0,0,1,0,0,0,0,0,0,0,0,0,0,0,0,1,0,0,3,2,1,0,0,0,0,0,0,0,0,0,0,0,0,0,0,0,0,0,0,0,0,0,0,0,0,0,0,0,0,0,0,0,0,1,0,0,0,0,0,0,0,0,0,0,0,0,0,0,0,0,0,0,0,0,0,0,0,0,0,0,0,0,0,0,0,0,0,0,0,0,0,0,0,0,1,0,0,0,0,0,0,0,0,0,0,0,0,1,0,0,0,0,0,0,0,0,0,0,0,0,0,0,8,1,0,0,0,0,9,1,0,0,0,4,0,0,0,0,0,4,2,0,0,0,0,0,0,0,0,0,0,0,1,0,0,0,0,0,0,1,1,0,0,0,0,0,0,0,1,0,0,0,0,0,0,0,0,0,0,0,0,0,0,1,0,0,0,0,0,1,1,0,0,0,0,0,0,0,0,4,0,0,0,0,0,0,0,0,0,0,0,0,0,3,0,0,0,8,1,0,2,0,0,0,0,0,0,0,0,0,0,2,3,4,0,0,0,0,0,0,0,0,0,0,0,0,0,0,0,0,0,0,0,0,0,0,0,0,2,0,0,0,0,0,0,0,0,0,0,46,4,0,0,0,0,0,0,0,0,0,0,0,0,0,0,0,0,0,11,0,0
c13,canopy,0,0,1,4,0,0,0,0,0,5,1,1,0,8,0,3,1,17,5,2,0,1,0,0,0,6,0,0,0,0,0,0,0,1,0,0,0,0,0,0,0,0,0,0,0,1,0,0,0,0,0,0,0,0,3,0,0,1,0,0,0,1,0,0,0,0,0,0,0,0,0,0,0,0,1,0,0,0,0,0,0,0,0,0,0,0,0,0,0,0,0,0,0,0,0,0,0,0,7,0,0,2,0,0,0,0,0,0,0,0,0,0,0,0,0,0,0,0,0,0,0,0,0,0,0,0,1,1,0,0,0,0,14,1,0,0,0,0,1,0,0,0,0,1,0,0,1,0,0,0,0,0,0,0,0,0,0,0,1,0,0,0,0,0,0,0,1,0,1,0,0,1,0,0,1,2,0,0,0,0,0,0,0,0,0,0,0,0,0,0,0,2,0,0,0,1,0,0,0,0,0,0,0,0,0,0,0,0,0,0,0,0,0,0,0,0,0,2,2,0,0,0,0,0,0,0,0,0,0,0,0,0,0,0,0,0,0,0,0,0,0,0,0,0,0,0,0,0,0,0,0,0,0,0,0,0,0,0,0,0,0,0,0,0,0,0,0,0,0,0,0,0,0,0,0,0,0,0,0,0,0,0,0,0,0,1,0,0,0,0,0,0,0,0,0,0,0,0,0,0,0,0,0,0,0,0,1,0,0,0,0,0,0,0,0,0,0,0,0,0,0,4,0,0,0,0,0,8,0,0,0,0,1,0,0,0,0,0,7,2,0,0,0,0,0,0,0,0,0,0,0,0,0,0,0,0,0,0,1,0,0,0,0,0,0,0,0,0,0,0,0,0,0,0,0,0,0,0,0,0,0,0,1,0,0,0,0,0,0,0,0,0,0,0,0,0,0,0,0,0,0,0,0,0,0,0,0,0,0,0,0,0,2,0,0,0,2,0,0,0,0,0,0,0,0,0,0,0,0,0,0,2,0,0,0,0,0,0,0,0,0,0,0,0,0,0,0,0,0,0,0,0,0,0,0,0,0,0,0,0,0,0,0,0,0,0,0,0,19,6,0,0,0,0,0,0,0,1,0,0,0,0,0,0,0,0,0,9,2,0
c15,canopy,0,0,0,1,0,3,1,0,0,9,3,1,0,7,0,0,0,17,5,0,0,1,0,0,0,7,0,0,0,0,0,0,0,0,0,0,0,0,0,0,0,0,0,0,0,0,0,0,0,0,0,0,0,0,1,0,0,0,0,0,0,0,0,1,0,0,0,0,0,0,0,1,0,0,1,0,0,0,0,0,0,0,0,0,0,0,0,0,0,0,0,0,0,0,0,0,0,1,3,0,0,2,0,0,1,0,0,0,0,0,0,0,0,0,0,0,0,0,0,0,0,0,0,0,0,0,0,0,1,0,0,0,10,0,0,0,0,3,0,0,0,1,0,0,0,0,0,0,0,0,0,0,0,1,0,0,0,0,0,0,0,0,0,0,0,0,0,0,0,0,0,1,0,0,0,0,0,1,0,0,0,0,0,0,0,0,0,0,0,0,0,0,0,0,0,0,0,0,0,0,0,0,0,0,0,0,0,0,0,0,0,0,0,0,1,0,0,1,2,0,0,0,0,0,0,0,0,0,0,0,0,0,0,0,0,0,0,0,0,0,0,0,0,0,0,0,0,0,0,0,0,0,0,0,0,0,0,0,0,0,0,0,0,0,0,0,0,0,0,0,0,0,0,0,0,0,0,0,0,0,0,1,0,0,0,0,0,0,0,0,0,0,0,0,0,0,0,0,0,0,0,0,0,0,0,0,0,0,0,0,0,0,0,0,0,0,0,0,0,0,0,2,0,0,0,0,0,4,0,0,0,0,1,0,0,0,0,0,1,0,0,0,0,0,0,0,0,0,0,0,0,0,0,0,0,0,0,0,1,0,0,0,0,0,0,0,0,0,0,0,0,0,0,0,0,0,0,0,0,0,0,0,0,0,0,0,0,0,0,0,0,0,0,0,0,0,0,0,0,0,0,0,0,0,0,0,0,0,0,0,0,0,1,0,0,0,1,2,0,1,0,0,0,0,0,0,0,0,0,0,0,1,0,1,0,0,0,0,0,0,0,0,0,0,0,0,0,0,0,0,0,0,0,0,0,0,0,0,0,0,0,0,0,0,0,0,0,0,30,1,0,0,0,0,0,0,0,0,0,0,0,0,0,0,0,0,0,0,0,0
c17,canopy,0,0,2,7,1,4,0,0,0,10,0,3,1,11,1,1,0,16,6,0,1,1,2,0,0,3,0,0,0,0,0,0,0,1,0,0,0,0,0,0,0,0,0,0,0,1,0,0,0,0,0,0,0,0,5,0,0,1,0,0,0,0,0,2,0,0,0,0,0,0,0,1,0,0,0,0,0,0,0,0,0,0,0,0,2,0,0,0,0,0,0,0,0,0,0,0,0,1,15,0,0,0,0,0,1,2,0,0,1,0,0,0,0,0,0,0,0,0,1,0,0,0,0,0,0,0,3,0,0,0,0,0,16,1,0,0,0,2,0,0,0,0,0,0,0,0,0,0,0,0,0,0,0,0,0,1,0,0,0,0,0,0,0,0,0,1,0,0,0,0,0,0,0,1,1,0,0,0,0,0,0,0,0,0,0,0,0,0,0,0,0,0,0,0,0,1,0,0,0,1,0,0,0,1,0,0,0,0,0,0,0,0,0,0,0,0,0,0,1,0,0,0,0,0,0,0,0,0,0,0,0,0,0,0,0,0,0,0,0,0,0,0,0,0,0,0,0,0,0,0,0,0,0,0,0,0,0,0,0,0,0,0,0,0,0,0,0,0,0,0,0,0,0,0,0,0,0,0,0,0,0,0,0,0,0,0,0,0,0,0,0,0,0,0,0,0,0,1,0,0,0,0,0,0,0,0,0,0,0,0,0,0,0,0,0,0,0,0,0,0,0,21,1,0,0,0,0,6,0,0,0,0,6,1,0,0,1,0,2,1,0,0,0,1,0,0,0,0,0,0,0,2,0,0,0,0,0,0,2,0,0,0,0,0,0,0,0,0,0,0,0,0,0,0,0,0,0,0,0,0,0,0,0,0,0,0,1,0,0,1,0,0,0,0,0,0,0,0,0,0,0,0,0,0,0,0,0,0,0,0,0,0,3,0,0,0,3,1,1,3,0,0,0,0,0,1,0,0,0,0,1,7,3,2,0,1,0,0,0,0,0,0,0,0,0,0,0,0,0,0,0,0,0,0,0,0,1,0,0,0,0,0,0,0,0,0,0,0,70,7,0,0,1,0,0,0,0,0,0,1,0,1,0,0,0,0,0,8,0,0
c19,canopy,0,0,1,5,0,2,0,0,0,3,2,1,1,8,1,0,0,10,1,0,1,1,0,0,0,0,0,1,0,0,0,0,0,2,0,0,0,0,0,0,0,0,0,1,3,0,0,0,0,0,0,0,0,0,3,0,0,0,0,0,0,0,0,0,0,0,0,0,0,0,0,3,0,0,0,1,0,0,2,0,0,0,0,0,0,0,0,0,0,0,0,0,0,0,0,0,0,1,11,0,0,0,0,0,1,0,0,0,0,0,0,0,0,0,0,0,0,0,0,0,0,1,1,0,0,0,0,0,3,0,0,0,5,0,0,0,0,6,0,0,0,4,0,0,0,0,0,0,0,0,0,0,0,0,0,0,0,0,0,0,0,0,0,0,0,2,0,0,0,0,0,0,0,0,1,1,0,0,1,0,0,0,0,0,0,0,0,0,0,1,0,0,0,0,0,0,0,0,0,0,0,0,0,0,0,0,0,0,0,0,0,0,1,0,1,0,0,0,17,0,0,1,0,0,0,0,0,0,0,0,0,0,0,0,0,1,0,0,0,0,0,0,0,0,0,0,0,0,0,0,0,0,0,0,0,0,0,0,0,0,0,0,0,0,0,0,0,0,0,0,0,0,0,0,0,0,0,0,0,0,0,0,0,0,0,0,0,0,0,0,0,0,0,0,0,0,0,0,0,0,0,0,0,0,0,0,0,0,0,0,0,0,0,0,0,0,0,0,0,0,0,1,0,0,0,0,0,9,0,0,0,0,4,0,1,0,0,0,3,0,0,0,0,0,0,0,0,0,0,0,0,0,0,0,0,0,0,0,4,0,0,0,0,0,0,0,0,0,0,0,0,0,0,0,0,0,0,0,0,0,0,0,0,0,0,0,0,0,0,2,0,0,0,0,1,0,1,0,0,0,0,0,0,1,0,0,0,0,0,0,0,0,2,0,0,0,2,0,0,5,0,0,0,2,0,0,0,0,0,0,3,1,0,8,4,0,2,0,0,0,0,0,0,0,0,0,0,0,0,0,0,0,0,0,0,0,0,0,0,0,0,0,0,0,0,0,0,0,48,3,0,0,0,0,0,0,0,0,0,0,0,0,0,0,0,0,0,1,0,0
c21,canopy,0,0,2,4,0,3,4,0,0,5,1,2,1,11,0,4,0,16,2,0,0,1,0,0,0,2,0,0,0,0,0,0,0,1,0,0,0,0,0,0,0,0,0,0,2,0,0,0,0,0,0,0,0,0,6,0,0,0,0,0,0,0,0,2,0,0,0,0,0,0,0,1,0,0,0,0,1,1,2,0,1,0,0,0,0,0,0,0,0,0,0,0,0,0,0,0,0,2,5,0,0,0,0,0,0,0,0,0,0,0,0,0,0,0,0,0,0,0,0,0,0,0,0,0,0,0,1,0,4,1,0,0,7,0,1,1,0,1,0,0,0,0,0,0,0,0,0,0,0,0,0,0,0,0,0,0,0,0,0,1,0,0,0,0,0,15,0,1,1,0,0,1,0,0,0,1,0,0,1,0,0,0,1,0,0,0,0,0,0,0,0,0,0,0,0,0,0,0,0,0,0,0,0,0,0,0,0,0,0,0,0,0,1,0,0,0,0,0,1,0,0,2,2,0,0,0,0,0,0,0,0,0,0,0,0,0,0,0,0,0,0,0,0,0,0,0,0,0,0,0,0,3,0,0,0,0,0,0,0,0,0,0,0,0,0,0,0,0,0,0,0,0,0,0,0,0,0,0,0,0,0,0,1,0,0,0,0,0,0,0,0,0,0,2,0,0,0,0,0,0,0,0,0,0,0,0,1,0,0,0,0,0,0,0,0,0,0,0,0,0,0,0,0,0,0,0,0,1,0,0,0,0,1,0,1,1,0,0,1,2,0,0,0,1,0,0,0,0,0,0,0,0,0,0,0,0,0,0,1,0,0,0,0,0,0,0,0,0,0,0,0,0,0,0,0,0,0,0,0,0,0,0,0,0,0,0,0,0,0,4,0,0,0,1,0,1,0,1,0,0,0,0,0,0,1,0,0,0,0,0,0,0,5,0,0,0,1,1,0,0,0,0,0,0,0,0,0,0,0,4,8,3,3,1,5,2,3,0,0,0,0,0,0,0,0,0,0,0,0,0,0,0,0,0,0,0,1,1,0,0,0,0,0,0,0,0,0,0,61,4,0,0,0,0,0,0,0,0,0,0,0,0,0,0,0,0,0,3,1,0
c23,canopy,0,0,0,2,0,4,1,0,0,11,0,3,0,7,0,2,1,14,5,0,0,1,2,0,0,6,0,0,0,0,0,0,0,1,0,0,0,0,0,0,0,0,0,0,0,0,0,0,0,0,0,0,0,1,4,0,0,0,0,0,0,1,0,0,0,0,0,0,0,0,0,0,0,0,0,0,1,0,0,0,0,0,0,0,0,0,0,0,0,0,0,0,1,0,0,0,0,2,9,0,0,0,0,0,0,0,0,0,0,0,0,0,0,0,1,0,0,0,0,0,0,0,0,1,0,0,2,0,1,0,0,0,8,0,0,0,0,3,0,0,0,0,0,0,0,0,0,0,0,0,0,0,0,0,0,0,0,0,0,0,0,0,0,0,0,6,0,0,0,0,0,2,0,0,0,0,0,0,0,0,0,1,0,0,0,0,0,0,0,0,0,0,0,0,0,0,0,0,0,0,0,0,0,0,0,0,0,0,0,0,0,0,0,0,0,0,0,0,1,1,0,0,1,0,0,0,0,1,0,0,0,0,0,0,0,0,0,0,0,0,0,0,0,0,0,0,0,0,0,0,0,0,0,0,0,0,0,0,0,0,0,0,0,0,0,0,0,0,0,0,0,0,0,0,0,0,0,0,0,0,0,0,0,0,0,0,0,0,0,0,0,0,0,0,0,0,0,1,0,0,0,0,1,0,0,0,0,0,0,0,0,0,0,0,0,0,0,0,0,0,0,1,0,0,0,0,0,8,0,1,0,0,0,0,1,0,0,0,4,0,0,0,0,0,0,0,0,0,0,0,0,1,0,0,0,0,1,0,0,0,0,0,0,0,0,0,0,0,0,0,0,0,0,0,0,0,0,0,0,0,0,0,0,0,0,0,0,0,0,1,1,0,0,1,0,0,0,0,0,0,0,0,0,0,0,0,0,0,0,0,0,0,9,0,0,0,0,0,1,4,0,0,0,0,0,0,0,0,0,2,11,0,1,7,2,0,1,1,0,0,0,0,0,0,0,0,0,0,0,0,0,0,0,0,0,0,1,1,0,0,0,0,0,0,0,0,0,0,58,10,0,0,1,0,1,0,0,0,0,0,0,0,0,0,0,0,0,3,1,0
c25,canopy,0,0,0,6,1,1,0,0,0,4,2,1,0,7,0,5,0,12,3,0,0,1,0,0,0,1,0,0,0,0,0,0,0,1,0,0,1,0,0,0,0,0,0,0,0,0,0,0,0,0,0,0,0,0,4,0,0,0,0,0,0,1,0,0,0,0,0,0,0,0,0,0,0,0,0,0,0,0,0,0,0,0,0,0,0,0,0,0,0,0,0,0,0,0,0,0,0,3,10,0,0,0,0,0,0,0,0,0,0,0,0,0,0,0,0,0,0,0,0,0,0,0,1,0,0,0,2,0,0,0,0,0,2,0,0,0,1,2,0,0,0,0,0,2,0,1,0,0,0,4,0,0,0,0,0,0,0,0,0,0,0,0,0,0,0,4,1,0,2,1,0,1,0,0,0,0,0,0,0,0,0,1,0,0,0,0,0,0,0,0,0,0,0,0,0,0,0,0,0,0,0,0,0,0,0,0,1,0,0,0,0,0,1,0,0,0,0,0,2,0,0,0,1,0,0,0,0,0,1,0,0,1,0,0,0,0,0,0,0,0,0,0,0,0,0,0,0,0,0,0,0,0,0,0,0,0,0,0,0,0,0,0,0,0,0,0,0,0,0,0,0,0,0,0,0,0,0,0,0,0,0,0,0,0,0,0,0,0,0,0,0,0,0,0,0,0,0,4,0,1,0,0,0,0,0,0,0,0,0,0,0,0,0,0,0,0,0,0,0,0,0,1,0,0,0,0,0,0,0,0,0,0,1,0,1,0,1,0,0,0,0,0,1,1,0,0,0,0,0,0,0,0,0,0,0,0,0,0,1,0,0,0,0,0,0,0,0,0,0,0,0,0,0,0,0,0,0,0,0,0,0,0,0,0,0,0,0,0,0,7,0,0,0,2,1,1,0,0,0,0,0,0,0,0,0,0,0,0,0,0,0,0,5,0,0,0,0,0,0,7,0,0,0,0,0,0,0,0,0,2,6,6,4,15,7,8,7,0,0,0,0,0,0,0,0,0,0,0,0,0,0,0,0,0,0,0,0,0,0,0,0,0,0,0,0,0,0,0,52,10,0,0,0,1,0,1,0,1,0,0,0,0,0,0,0,0,0,4,0,0
c27,canopy,0,1,1,6,0,1,4,0,0,2,1,0,0,16,0,6,2,22,4,0,0,1,0,0,0,2,1,0,0,0,2,0,0,5,0,0,0,0,1,0,0,0,0,0,5,0,0,0,0,0,0,0,0,0,1,0,1,0,0,0,0,0,0,0,0,0,0,0,0,0,0,0,0,0,1,0,0,0,3,0,0,0,0,0,0,0,0,0,0,0,0,0,0,0,0,0,0,0,15,0,0,0,0,0,2,0,0,0,0,0,0,0,0,0,0,0,0,0,0,0,0,0,1,0,2,0,1,0,5,0,0,0,8,1,0,1,0,3,1,0,0,1,0,0,0,0,1,0,0,0,0,0,0,0,1,0,0,0,0,0,0,0,0,0,0,4,1,0,0,0,0,0,0,0,0,0,0,0,0,1,0,0,0,0,0,0,0,0,0,0,0,0,0,0,0,0,0,0,0,2,0,0,0,0,0,0,0,0,0,0,0,0,1,0,0,0,0,0,6,0,0,0,11,0,0,0,1,2,3,1,1,0,0,0,0,0,0,0,0,0,0,0,0,0,0,0,0,0,0,0,0,0,0,0,1,0,0,0,0,0,0,0,0,0,0,0,0,0,0,0,0,0,0,0,0,0,0,0,0,0,0,0,0,0,0,0,0,0,0,0,0,0,0,0,0,0,0,0,0,0,0,0,0,0,0,0,0,0,0,0,0,0,0,0,0,0,0,0,0,0,0,0,0,0,0,0,0,7,0,4,0,0,6,0,3,1,0,0,5,0,2,0,0,0,0,0,0,0,0,0,0,0,0,0,0,0,0,0,1,0,0,0,0,0,0,0,0,0,0,1,0,0,0,0,0,0,0,0,0,0,0,0,0,0,0,0,0,0,1,3,0,0,0,0,1,0,0,0,0,0,0,0,0,0,0,0,0,0,0,0,0,0,4,0,0,0,4,1,0,7,0,0,0,3,0,0,0,0,0,1,13,0,10,16,2,3,7,0,0,0,0,0,0,0,0,0,0,0,0,0,0,0,0,0,0,0,2,0,0,1,0,0,0,0,0,0,0,0,122,11,0,0,1,0,0,1,0,0,0,0,1,0,1,0,0,0,0,12,0,2
c29,canopy,0,0,1,0,0,2,2,1,0,7,1,1,1,8,0,1,0,11,4,1,0,1,1,0,0,2,0,0,0,0,0,0,0,0,0,0,0,0,0,0,0,0,0,0,1,0,0,0,0,0,0,0,0,0,2,0,0,0,0,0,0,1,0,0,0,0,0,0,0,0,0,0,0,0,0,0,0,0,1,0,0,0,0,1,0,0,0,1,0,0,0,0,1,0,0,0,0,2,10,0,0,0,0,0,1,0,0,0,0,0,0,0,0,0,0,0,0,0,0,0,0,0,1,0,0,0,1,0,1,0,0,0,6,1,0,0,0,2,0,0,0,1,0,0,0,0,1,0,0,1,0,0,0,0,0,0,0,0,0,0,0,0,0,0,0,4,0,0,0,1,0,0,0,0,0,0,0,0,0,0,0,0,0,0,0,0,0,0,0,0,0,0,0,0,0,0,0,0,0,0,0,0,0,0,0,0,0,0,0,0,0,0,1,0,1,0,0,1,2,0,0,0,0,0,0,0,0,0,0,0,0,0,0,0,0,0,0,0,0,0,0,0,0,0,0,0,0,0,0,0,0,0,1,0,0,0,0,0,0,0,0,0,0,0,0,0,0,0,0,0,0,0,0,0,0,0,0,0,0,0,0,0,0,0,0,0,0,0,0,0,0,0,0,1,0,0,0,0,0,0,0,0,1,0,0,0,1,0,0,0,0,0,0,0,0,0,0,0,0,0,0,1,0,0,0,0,0,9,0,2,0,0,6,0,2,0,1,0,6,0,0,0,0,0,0,0,0,0,0,1,0,2,0,0,0,0,0,0,0,0,1,0,0,0,0,0,0,0,0,0,0,0,0,0,0,0,0,0,0,0,0,0,0,0,0,0,0,0,1,2,0,0,0,2,0,1,0,0,0,0,0,0,0,1,0,0,0,0,0,0,0,0,0,0,0,0,2,1,0,4,0,0,0,1,0,0,0,0,0,3,11,2,5,15,0,4,7,0,0,0,0,0,0,0,0,0,0,0,0,0,0,0,0,0,0,0,1,0,1,0,0,0,0,0,0,0,0,1,39,6,0,0,1,0,0,0,0,0,0,0,0,0,0,0,0,0,0,7,0,0
c31,canopy,0,0,1,8,0,5,2,0,1,6,1,0,1,14,0,1,0,38,10,0,1,3,1,0,0,6,0,0,0,0,0,0,0,0,0,0,0,0,0,0,0,0,0,0,0,0,0,0,0,0,0,0,1,0,7,0,0,0,3,0,0,0,0,1,0,0,0,0,0,0,0,1,0,0,0,0,0,1,0,1,1,0,0,0,0,0,0,1,0,0,0,0,0,0,0,0,0,1,12,0,0,0,0,0,0,0,0,0,0,0,0,0,0,0,0,0,0,0,0,0,0,0,0,1,1,0,7,0,1,0,0,0,13,2,0,0,0,4,0,0,0,1,0,0,0,1,0,0,0,0,0,0,0,0,0,0,0,0,0,0,0,0,0,0,0,3,0,0,1,0,0,1,0,0,1,0,0,0,0,0,0,0,0,2,0,0,0,0,0,0,0,0,0,0,0,0,1,0,0,0,0,0,0,0,0,0,0,0,0,0,0,0,0,0,0,0,0,0,0,0,0,0,0,0,1,1,0,2,0,0,0,1,0,0,0,0,0,0,0,0,0,0,0,0,0,0,0,0,0,0,0,0,0,0,0,0,0,0,0,0,0,0,0,0,0,0,0,0,0,0,0,0,0,0,0,0,0,0,0,0,0,1,1,0,0,0,0,0,0,0,0,0,0,0,0,0,0,1,1,1,0,0,0,0,0,0,3,0,0,0,0,0,0,0,0,0,0,0,0,0,0,6,0,0,0,0,0,5,0,1,0,0,2,0,0,0,2,0,4,0,0,0,0,0,0,0,0,0,0,0,0,2,0,0,0,0,0,0,0,1,0,0,1,0,0,0,0,0,0,0,0,0,0,0,0,0,0,0,0,0,0,0,0,0,0,0,0,0,0,2,0,0,0,2,1,0,0,0,0,0,0,0,0,0,0,0,0,0,0,0,0,0,3,0,0,0,2,2,2,0,0,0,0,0,0,0,0,0,0,0,2,1,0,3,2,0,2,0,0,1,0,0,0,0,0,0,0,0,0,0,0,0,0,0,0,0,0,0,0,0,0,0,0,0,0,0,0,0,77,10,0,0,0,0,0,1,0,0,0,0,1,0,0,0,0,0,0,3,0,1
u1,understorey,3,0,0,1,0,1,5,5,0,1,0,0,1,5,2,1,1,3,1,0,0,0,1,0,0,0,0,0,0,1,4,0,0,7,0,0,0,1,0,0,0,0,1,0,23,3,4,7,1,0,0,0,0,0,2,0,0,0,2,0,0,12,0,0,0,0,0,0,1,0,0,0,0,0,0,0,0,0,0,0,0,0,0,0,0,0,0,3,0,27,0,6,1,2,5,1,1,16,30,0,0,0,0,0,0,0,0,0,0,1,0,0,0,0,0,0,4,1,0,0,0,3,10,5,2,0,1,0,0,0,0,0,3,2,0,0,0,9,0,0,0,1,0,0,0,0,0,0,17,13,1,0,0,1,0,5,2,0,1,0,0,0,0,0,0,1,0,0,1,0,0,0,0,0,0,1,0,2,0,0,0,0,0,0,0,2,0,1,0,1,0,0,0,0,1,0,0,0,0,1,0,0,0,1,1,0,1,0,0,4,0,0,14,0,7,0,0,0,14,1,1,0,2,0,0,0,0,0,0,0,0,0,1,13,7,181,0,1,0,0,0,0,0,1,2,0,1,0,0,0,1,0,2,0,0,0,1,0,4,0,1,0,0,0,0,0,0,0,0,0,1,1,0,0,0,0,0,0,0,1,1,0,0,0,0,0,0,0,0,0,0,0,0,0,0,0,0,1,0,0,0,0,0,1,2,0,0,0,2,0,1,0,0,0,0,0,0,2,0,0,0,9,0,0,0,0,0,41,0,2,0,0,9,1,3,0,6,2,15,1,0,0,0,0,0,0,0,0,0,0,0,0,3,0,2,0,3,0,42,0,0,0,0,0,0,0,6,3,6,0,0,0,1,0,0,0,0,0,0,0,0,0,0,0,0,0,0,0,4,73,11,1,0,4,9,2,0,0,0,27,0,0,0,0,1,0,0,0,0,0,0,0,11,0,0,0,2,1,0,12,1,1,0,4,4,0,0,0,0,3,40,12,13,85,6,3,7,0,0,1,0,1,0,0,0,0,2,0,0,0,0,0,0,1,0,0,5,0,3,0,0,0,0,0,1,2,0,1,118,4,0,0,0,0,1,0,0,13,0,0,5,0,0,0,0,0,0,77,6,0
u3,understorey,0,0,0,4,1,0,5,7,0,2,0,1,0,1,1,5,1,2,0,0,0,0,0,0,0,2,0,0,0,0,0,0,0,0,0,0,0,4,0,0,0,0,0,0,18,1,0,3,0,0,0,0,0,0,4,0,0,0,0,0,0,20,0,0,0,0,0,0,0,0,0,1,0,0,0,0,0,0,0,0,0,0,0,0,0,0,0,0,0,2,0,0,1,2,0,0,0,8,23,0,0,0,0,0,0,0,0,0,0,0,0,0,0,0,0,0,0,1,0,0,0,0,6,2,0,0,0,0,0,0,0,0,4,0,1,0,0,6,0,0,0,0,0,0,0,0,0,0,10,1,2,0,0,0,0,4,4,0,0,1,0,0,0,0,0,0,0,0,1,0,0,0,1,0,0,0,0,0,0,0,0,0,0,1,0,0,0,0,0,0,0,0,0,0,2,0,0,0,0,2,0,1,0,0,0,0,0,0,0,0,0,0,1,0,4,0,0,0,23,1,1,0,1,0,0,0,0,0,0,0,0,1,0,3,2,85,2,0,0,1,1,0,0,1,0,0,0,0,1,0,0,0,0,0,0,0,0,0,0,0,0,0,0,1,0,0,1,0,0,0,0,0,0,0,1,0,0,0,0,0,0,0,0,0,0,0,0,0,0,0,0,0,0,0,0,0,0,0,0,0,0,0,0,0,0,0,0,0,0,0,0,0,0,0,0,0,0,0,0,0,1,9,2,0,0,0,0,52,0,1,0,0,7,0,3,1,1,0,4,1,0,0,0,0,0,0,0,0,0,0,0,0,1,1,1,0,0,0,56,0,0,0,0,0,0,0,4,0,1,0,0,0,0,0,0,0,0,0,0,0,0,0,0,0,0,0,0,0,1,97,8,0,0,4,5,1,0,0,0,5,0,0,0,0,0,0,0,0,0,0,0,0,6,0,0,1,3,1,0,3,0,0,0,1,0,0,0,0,0,0,18,5,1,23,1,2,1,0,0,0,0,0,0,0,0,0,1,0,0,0,0,0,0,0,0,0,0,0,1,0,1,0,0,0,0,0,0,0,44,7,0,1,0,0,0,0,0,4,0,0,7,0,0,0,0,0,0,22,5,0
u5,understorey,1,0,0,2,0,1,6,13,0,1,0,1,0,7,0,3,1,13,2,0,0,4,0,0,0,2,0,0,0,0,0,1,0,2,0,0,0,0,0,0,0,0,0,0,13,3,0,1,0,0,0,0,0,0,6,0,0,0,0,0,0,12,0,0,0,0,0,0,1,0,0,0,0,0,0,0,0,0,0,0,0,0,0,0,0,0,0,0,1,4,0,0,0,1,2,0,0,19,28,0,0,0,0,0,1,0,0,0,0,0,0,0,0,0,0,0,2,0,3,0,0,2,3,5,0,0,0,0,2,0,0,0,7,3,1,0,0,10,0,0,0,0,0,2,0,0,0,0,12,10,0,0,0,0,0,1,0,0,1,4,0,0,0,0,0,0,0,0,0,0,0,0,0,0,0,1,0,1,0,0,0,0,0,0,0,0,0,0,1,1,1,0,0,0,0,1,0,0,0,1,0,0,0,0,0,0,0,0,0,0,0,0,2,0,4,0,0,0,17,1,2,0,0,0,0,0,0,0,0,0,0,0,0,11,4,107,1,0,1,1,0,0,0,0,1,1,1,0,0,0,0,0,3,0,0,0,0,0,0,0,1,0,0,0,0,0,0,0,0,0,0,0,0,0,0,0,0,0,0,3,0,0,0,0,0,0,0,0,0,0,0,0,0,0,0,0,0,0,0,0,1,0,0,0,0,0,0,0,1,0,1,0,0,0,0,0,0,0,0,0,0,14,0,0,2,0,0,12,0,0,0,0,4,0,2,0,1,0,3,1,1,0,0,0,0,0,0,0,0,0,1,0,0,0,1,0,0,0,40,0,0,0,0,0,0,1,3,4,1,1,0,0,0,0,0,0,0,0,0,0,0,1,0,0,0,0,0,0,4,121,9,0,0,2,8,0,0,0,1,13,0,0,0,0,1,1,0,0,0,0,0,0,5,0,0,0,1,0,1,6,1,0,0,0,0,0,0,0,0,3,19,13,3,25,4,3,5,0,0,0,0,0,1,0,0,0,0,0,0,0,0,0,0,0,0,0,1,0,1,0,0,1,0,0,0,0,0,1,47,8,0,0,0,0,0,0,0,10,0,0,3,1,0,0,0,2,0,18,2,0
u7,understorey,0,0,0,3,0,2,3,12,0,2,0,3,0,3,0,3,0,7,1,0,0,1,0,0,0,0,0,0,0,0,1,0,4,0,0,0,0,1,0,0,0,0,1,0,16,1,0,1,0,0,0,0,0,0,4,0,0,0,0,0,0,24,0,0,0,0,0,0,0,0,0,0,0,0,0,0,0,0,0,0,1,0,0,0,0,0,0,0,0,2,0,0,0,1,0,0,0,18,30,0,0,0,0,0,0,0,0,0,0,0,0,0,0,0,2,0,1,5,1,0,0,0,4,2,0,0,1,0,0,0,0,0,0,1,0,0,0,8,0,0,1,0,0,2,0,0,0,0,6,7,2,0,0,0,0,4,0,1,0,1,0,0,0,0,0,0,0,0,0,0,0,0,0,0,0,0,0,0,0,0,0,0,0,0,0,0,0,0,0,0,0,0,0,0,0,2,0,0,0,2,0,2,0,0,2,0,1,0,0,2,0,0,2,0,1,0,0,0,17,0,0,0,2,0,0,0,0,1,0,0,0,0,0,7,9,154,1,0,0,0,2,0,0,0,2,0,1,0,0,1,0,0,3,0,0,0,0,0,0,0,0,1,1,0,0,0,0,0,0,0,0,0,0,0,0,0,0,0,0,2,0,0,0,0,0,0,0,0,0,0,0,0,0,0,0,0,1,0,0,0,0,0,0,0,1,0,0,0,0,0,0,0,1,0,0,0,0,0,0,0,0,17,2,0,0,0,0,44,0,0,0,0,3,0,4,1,1,0,6,0,0,0,0,0,0,1,0,1,0,0,0,0,0,0,0,0,0,0,19,0,0,0,0,0,0,1,4,0,2,1,0,0,0,0,0,0,0,0,0,2,0,0,0,0,0,0,0,0,2,80,5,0,0,1,3,3,0,0,0,15,0,1,2,0,0,0,0,0,0,0,0,0,10,0,0,0,4,2,0,7,0,1,0,2,1,0,0,0,0,1,10,10,3,17,3,0,1,0,0,0,0,0,0,0,0,0,0,0,0,0,0,0,0,0,0,0,4,1,1,0,1,0,0,0,0,0,0,0,67,6,0,1,0,0,0,0,0,9,0,0,12,0,1,0,0,0,0,35,3,0
u9,understorey,0,0,0,2,1,0,2,0,0,1,0,1,0,0,0,1,0,1,1,0,0,1,0,0,0,0,0,0,0,0,0,0,0,0,0,1,1,1,0,0,0,0,0,0,7,0,0,0,0,0,1,0,0,0,1,0,0,0,0,0,0,26,0,0,0,1,0,0,0,0,0,0,0,0,0,0,0,0,0,0,0,0,0,0,0,0,0,0,0,4,0,0,4,5,3,3,0,26,24,0,0,0,0,0,0,0,0,0,0,0,0,0,0,0,2,1,0,0,0,0,0,0,3,1,1,0,0,0,0,0,0,0,1,0,0,0,0,10,0,0,0,0,0,2,0,0,0,0,19,15,2,0,0,1,0,8,1,0,1,3,0,0,0,0,0,0,1,0,0,0,0,0,0,0,0,0,0,6,0,0,0,0,0,1,0,0,0,0,1,2,1,0,0,0,1,0,0,0,0,3,0,4,0,0,5,2,2,0,0,5,0,1,0,0,0,0,0,0,6,0,0,0,1,1,0,0,0,1,0,0,0,2,0,0,0,1,0,0,0,0,3,0,0,0,0,0,0,1,0,0,0,0,2,0,0,1,0,0,0,2,1,2,1,1,0,1,1,0,0,0,0,0,2,0,0,0,1,0,0,0,0,0,0,0,0,2,0,0,0,0,0,0,0,15,0,0,0,0,0,0,0,0,0,0,0,0,0,0,0,0,0,0,0,0,0,0,0,0,0,0,0,5,1,0,0,0,0,11,0,1,1,0,0,2,2,0,2,0,11,2,0,0,1,0,0,0,0,0,0,0,0,0,1,0,1,0,0,0,13,2,1,4,0,0,0,0,14,36,0,0,0,0,0,0,1,0,0,1,0,1,0,0,0,0,0,0,0,0,2,49,3,0,0,0,1,0,0,0,0,1,0,0,0,0,0,0,0,0,0,0,0,0,5,0,0,0,2,0,0,3,0,0,0,1,0,0,0,0,0,0,6,6,2,49,0,0,0,0,1,0,0,0,1,0,1,0,0,2,2,0,0,0,0,0,0,0,4,0,0,0,0,3,0,0,0,3,0,0,10,3,0,0,0,0,0,0,0,16,0,0,0,1,0,0,0,0,0,13,4,0
u11,understorey,0,0,0,1,0,1,6,0,0,2,0,0,0,0,0,3,0,3,1,0,0,4,0,0,0,0,0,0,0,0,0,0,0,1,0,0,0,3,0,0,0,0,1,0,2,0,1,0,0,0,0,0,0,0,0,0,0,0,0,0,0,18,0,0,0,0,0,0,0,0,0,0,0,0,0,0,0,1,0,0,0,0,3,0,0,0,0,0,0,7,0,0,2,6,8,1,0,19,43,0,0,0,0,0,0,0,0,0,0,0,1,0,0,0,0,0,0,0,0,0,1,0,2,1,0,0,0,0,0,0,0,0,5,0,0,0,0,6,0,0,0,0,0,2,0,0,1,1,6,8,0,0,0,1,0,9,0,0,0,2,0,0,0,0,0,0,0,0,0,0,0,0,1,0,0,1,0,4,0,0,0,0,0,0,0,0,0,0,1,0,1,0,0,0,1,0,0,1,0,0,0,0,0,0,2,0,0,0,0,1,0,0,0,0,0,0,0,0,20,0,1,0,1,0,1,0,0,0,1,0,0,0,0,0,0,0,0,0,0,0,0,0,0,1,0,0,0,1,1,0,0,0,0,0,0,0,0,0,0,0,1,0,1,0,0,0,0,0,0,0,0,0,1,0,0,0,0,1,0,0,0,0,0,0,0,0,0,0,0,0,0,0,0,8,0,0,0,0,0,0,0,0,0,0,0,0,0,0,0,0,0,0,1,0,0,0,0,0,0,0,0,13,2,0,0,0,1,33,0,1,1,0,6,0,2,0,0,0,14,2,0,0,2,2,0,0,1,0,0,0,0,0,1,0,2,0,0,0,16,0,1,0,0,0,0,0,7,11,0,1,0,0,0,0,0,0,0,0,0,0,0,0,0,0,0,0,0,0,2,76,8,1,0,0,2,2,0,0,0,0,0,0,0,0,0,0,0,0,0,0,0,0,8,0,0,0,4,2,0,4,0,0,0,1,0,0,0,1,0,0,12,4,0,18,0,1,0,0,0,0,0,0,0,0,0,1,0,0,5,0,0,0,0,0,0,0,4,0,0,0,0,6,0,0,0,0,0,0,27,7,0,0,0,0,0,0,1,7,0,0,0,0,1,1,1,0,0,16,12,0
u13,understorey,0,1,0,2,0,0,3,0,0,0,0,0,0,0,0,2,0,2,2,0,0,1,0,0,0,0,0,0,0,0,0,0,0,0,0,0,0,0,0,0,0,0,0,0,5,1,0,0,1,0,1,0,0,0,0,0,0,0,0,1,0,22,0,0,0,0,0,1,1,0,0,0,0,0,0,0,0,0,0,0,0,1,7,0,0,0,0,0,0,1,0,0,4,3,3,0,1,19,27,2,0,0,0,0,0,0,0,0,0,0,0,0,0,0,0,0,0,0,0,0,0,0,2,2,0,0,0,0,0,0,0,0,0,0,0,0,0,5,0,0,1,0,0,5,0,0,0,0,7,13,2,0,1,0,1,5,0,0,0,1,0,0,0,0,0,0,0,0,0,0,0,0,0,0,0,0,0,8,0,0,0,0,0,0,0,1,0,1,0,1,0,2,0,0,0,0,0,0,0,1,2,3,0,0,1,0,7,0,1,1,0,0,0,0,0,0,0,0,4,0,0,0,0,0,0,0,0,0,0,0,0,1,0,0,0,0,0,1,0,0,0,0,1,4,1,0,0,1,0,0,0,0,1,0,0,0,0,0,1,0,0,0,0,0,0,0,0,1,0,0,0,0,0,0,0,0,0,0,2,0,0,0,0,0,2,2,0,0,0,0,0,0,0,2,0,0,0,1,0,0,0,0,0,0,0,0,0,0,0,0,0,0,0,0,0,0,0,0,0,0,0,1,0,0,2,0,0,20,0,0,0,0,5,0,0,0,0,0,8,0,0,0,0,0,0,0,0,0,1,0,1,0,0,0,0,0,0,0,33,0,0,3,0,0,0,0,10,12,0,0,0,0,0,0,0,0,0,0,0,0,0,0,0,0,0,0,0,0,3,30,2,0,0,0,4,0,0,0,0,0,0,0,0,0,0,0,0,0,0,0,0,0,9,0,0,0,2,1,0,1,0,0,0,2,0,0,0,0,0,0,14,4,0,32,0,0,0,0,0,0,0,0,0,0,0,0,0,0,1,0,0,0,0,0,0,0,1,0,0,0,0,0,0,0,0,0,0,0,13,4,0,0,1,0,0,0,1,16,0,0,0,0,1,1,0,1,0,16,2,0
u15,understorey,0,0,0,4,0,0,3,0,0,1,1,1,0,3,1,6,0,2,1,0,0,2,0,0,0,1,0,0,0,0,0,0,0,0,0,0,0,0,0,0,0,0,0,0,6,0,0,0,0,0,0,0,0,0,3,0,0,0,0,0,0,18,0,0,0,0,0,2,0,0,0,0,0,0,0,0,1,0,0,0,0,0,14,0,0,0,2,0,0,1,0,0,2,1,0,0,0,13,17,0,0,0,0,0,0,0,0,0,0,0,1,0,0,0,6,0,0,0,0,0,0,0,3,2,0,0,0,0,0,0,0,0,0,0,0,0,0,6,0,0,1,0,0,1,0,0,0,0,9,4,1,0,0,0,0,1,0,0,0,2,0,0,0,0,0,0,1,0,0,0,0,2,0,0,0,0,0,1,0,0,0,0,0,0,0,2,2,0,0,1,0,0,0,0,2,0,0,0,1,1,0,0,0,0,1,1,2,0,0,0,0,0,0,0,0,0,0,0,8,0,0,0,0,0,1,0,0,0,0,0,0,0,0,0,0,0,0,0,0,0,0,0,0,0,0,0,0,0,0,0,0,0,0,0,0,0,0,1,0,0,0,2,0,0,0,0,0,0,1,0,0,0,0,0,0,0,0,0,1,0,0,0,0,0,0,0,0,0,0,0,0,0,0,0,0,0,0,0,0,0,0,0,0,0,1,0,0,0,0,0,0,0,0,0,0,0,0,0,0,0,0,4,1,0,0,0,0,15,0,0,0,0,4,0,0,0,0,0,21,1,0,0,0,1,0,0,0,0,0,0,0,0,0,0,1,0,0,0,68,1,0,0,0,0,0,0,10,1,0,0,0,0,0,0,0,0,0,0,0,1,0,0,0,0,0,0,0,0,4,26,2,0,0,0,1,0,0,0,0,0,0,0,0,0,0,0,0,0,0,0,0,0,6,0,0,0,1,0,0,1,0,0,0,0,1,0,0,0,0,1,21,12,2,41,0,0,0,0,0,0,0,0,1,0,0,0,0,0,1,0,0,0,0,0,0,0,3,0,0,0,0,0,0,0,0,0,0,0,24,7,0,0,0,0,0,0,0,5,0,0,0,0,0,0,0,0,0,8,4,0
u17,understorey,0,0,0,5,0,0,2,0,0,1,0,0,1,0,0,0,0,1,3,0,0,4,0,0,0,1,0,0,0,0,0,0,0,0,0,0,0,1,0,0,0,0,0,0,3,0,0,0,0,0,1,1,0,0,0,0,0,0,0,0,0,23,0,0,0,0,0,0,0,0,0,0,0,0,0,0,0,0,0,0,0,0,22,0,0,1,2,0,0,3,0,0,7,0,2,1,0,12,8,0,0,0,0,0,0,0,2,0,0,0,0,0,0,0,1,1,1,0,0,0,0,0,1,0,0,0,0,0,0,0,0,0,0,0,0,0,0,4,0,0,0,0,0,3,0,0,0,0,7,2,2,0,0,1,0,4,1,0,0,1,0,0,0,0,0,0,1,0,0,0,0,0,0,0,0,0,0,3,0,0,0,0,0,0,0,0,0,0,0,0,0,0,0,0,2,2,0,0,0,0,0,0,0,0,0,1,0,0,0,0,0,0,0,0,0,0,0,0,4,0,0,0,0,0,0,0,0,0,0,0,0,0,0,0,0,0,0,0,0,0,0,0,0,0,0,0,0,0,0,0,0,0,1,1,0,0,0,0,1,1,0,0,0,0,0,0,0,0,0,0,0,0,0,0,0,0,0,0,0,0,0,0,0,0,0,0,0,0,0,0,0,0,0,0,0,0,0,0,0,1,0,0,0,0,0,0,0,0,0,0,0,0,0,0,0,0,0,0,0,0,0,4,2,0,1,0,0,15,1,1,0,0,4,0,2,0,1,0,6,0,0,0,0,0,0,0,0,0,0,0,0,0,1,0,0,0,0,0,59,0,0,0,0,0,0,0,16,4,0,0,0,0,0,0,0,0,0,0,0,0,0,0,0,0,0,0,0,0,1,37,6,0,0,0,3,0,0,0,0,0,0,0,0,0,0,0,0,0,0,0,0,0,8,0,0,0,3,0,0,2,0,0,1,0,0,0,1,0,0,0,9,5,1,39,4,2,0,0,0,0,0,0,0,0,0,0,0,0,0,0,1,0,0,0,0,0,1,0,0,0,0,0,0,0,0,1,0,0,25,5,0,0,0,0,0,0,0,4,0,0,0,0,0,1,0,0,0,15,4,0
u19,understorey,0,0,0,2,0,3,5,0,0,1,2,1,0,4,0,8,1,3,3,1,0,3,0,0,0,0,0,0,0,0,23,0,0,4,1,0,0,0,0,0,0,0,3,0,48,3,2,5,0,0,0,0,0,0,2,0,0,0,0,0,0,8,0,0,0,0,0,0,0,0,0,0,0,0,0,0,0,0,1,0,0,0,2,0,0,0,0,1,0,8,0,2,0,1,0,0,0,24,21,1,0,0,0,0,2,0,1,0,0,0,0,0,0,0,0,0,0,0,0,0,0,1,26,2,1,0,0,0,0,0,0,0,3,0,0,0,0,1,0,0,0,0,0,1,1,0,0,0,2,26,1,0,0,0,0,2,0,0,2,6,0,0,0,0,0,0,0,1,0,0,0,0,1,0,0,0,0,4,0,0,0,0,0,0,0,0,1,0,0,1,0,0,1,0,0,0,0,0,1,0,0,0,0,0,0,0,0,0,0,2,0,0,36,1,2,1,0,0,13,0,7,0,2,0,0,0,0,1,0,0,0,0,0,1,1,6,0,0,0,0,1,0,0,0,1,0,0,0,0,0,0,0,0,0,1,0,0,0,1,0,0,0,0,0,0,0,0,0,3,0,0,0,0,0,0,0,0,0,0,0,0,0,0,0,0,0,0,0,0,0,0,0,0,0,0,0,0,0,0,2,0,0,0,0,0,1,0,0,0,0,0,0,0,0,0,0,0,0,0,0,0,2,0,0,0,0,0,39,0,2,0,0,12,0,8,0,5,0,13,1,2,0,1,0,0,0,0,0,0,0,0,0,2,2,2,0,2,0,49,1,0,0,0,0,0,0,8,0,6,0,0,1,0,0,0,0,0,0,0,1,0,0,1,0,0,0,0,0,1,38,4,0,0,2,8,0,0,0,0,0,0,0,0,0,5,0,0,0,0,0,0,1,15,0,0,1,3,0,0,12,0,0,0,1,4,0,0,0,0,5,8,3,13,62,3,9,17,0,0,0,3,0,0,0,0,0,0,0,0,0,0,0,0,0,0,0,6,0,3,0,0,0,0,0,0,1,0,14,69,2,0,0,0,0,0,0,0,5,1,0,0,0,2,0,0,0,0,52,4,0
u21,understorey,1,1,0,3,0,3,4,0,0,0,0,0,0,4,0,5,1,5,0,0,0,3,0,0,0,1,0,0,0,0,14,0,0,14,0,0,0,0,0,0,0,0,0,0,21,2,1,5,0,1,0,0,0,0,2,0,0,0,1,0,0,2,0,0,0,0,0,0,0,0,0,0,0,0,0,0,0,0,2,0,0,0,11,0,0,0,0,2,0,5,0,0,5,5,2,1,0,17,18,1,0,0,0,0,1,0,0,0,0,0,0,0,0,0,0,0,0,0,0,0,0,1,19,3,2,0,0,0,0,0,0,0,6,0,1,0,1,4,0,0,0,0,1,0,0,0,0,0,22,40,1,0,0,0,0,2,0,0,1,4,0,0,0,0,0,0,0,0,1,0,0,0,0,0,0,0,0,1,0,0,0,0,0,0,0,0,0,0,0,1,0,0,0,0,0,0,0,0,0,0,2,0,0,0,0,0,0,0,0,0,0,0,10,0,1,0,0,0,4,0,0,0,0,0,0,0,0,0,0,0,0,0,0,0,0,2,0,0,0,0,0,1,0,3,0,0,1,0,0,0,0,0,0,1,1,0,1,0,0,0,0,0,0,0,0,0,0,0,1,0,0,0,0,0,0,0,0,0,0,0,0,0,0,0,0,0,0,0,0,0,0,0,0,0,0,0,0,0,0,2,0,0,0,0,0,0,0,0,0,0,0,0,0,0,0,0,0,0,0,0,0,1,0,0,0,0,0,19,0,1,0,0,9,1,5,0,0,0,3,0,0,0,0,0,0,0,0,0,1,0,0,0,3,0,6,0,0,0,31,0,0,0,0,0,1,0,5,0,1,1,0,0,0,0,0,0,0,0,1,0,0,0,0,0,0,0,0,0,0,21,0,0,0,1,7,0,0,0,1,0,0,0,0,0,5,0,0,0,0,0,0,0,7,0,0,0,1,1,0,6,0,0,0,1,4,0,0,0,0,2,7,1,3,24,10,3,7,1,0,0,0,0,2,0,0,1,0,0,0,0,0,0,0,0,0,0,6,0,0,0,0,0,0,0,0,0,0,3,51,6,0,0,0,0,0,0,0,10,0,0,0,0,0,1,0,0,0,21,1,0
u23,understorey,2,0,0,7,0,1,1,0,0,2,0,1,0,2,0,1,1,3,2,0,0,0,0,0,0,2,0,0,0,0,4,0,0,0,0,0,0,0,0,0,0,0,0,0,5,1,0,0,1,0,0,0,0,0,0,0,0,0,0,0,0,7,0,0,0,0,0,1,0,0,0,0,0,0,0,0,0,0,0,0,0,0,6,0,0,0,0,0,0,3,0,0,1,3,2,0,0,23,18,0,0,0,0,1,0,0,0,1,0,0,0,0,0,0,1,0,0,0,0,0,1,0,12,0,1,0,0,0,0,0,0,0,1,0,0,0,0,7,0,0,0,0,0,2,0,0,0,0,4,5,0,0,0,0,0,4,0,0,0,1,0,0,0,1,0,0,0,0,0,0,0,0,0,0,0,0,0,8,0,0,0,0,0,0,0,0,0,0,0,1,0,0,0,0,0,0,0,0,0,1,0,0,0,0,1,1,0,2,0,0,0,0,5,0,0,0,0,0,0,0,0,0,2,0,0,0,0,0,1,0,0,0,0,0,0,0,0,0,0,0,0,0,0,0,0,0,0,0,0,0,0,0,0,0,0,0,0,0,0,0,1,0,0,0,0,0,0,0,0,0,0,0,0,1,0,0,1,0,0,0,0,0,0,0,0,0,0,0,0,0,0,0,0,3,0,0,0,0,0,0,0,0,0,0,0,0,0,0,0,0,0,0,0,0,0,0,0,0,0,0,0,0,0,0,0,0,0,11,0,0,0,0,3,0,7,0,0,0,7,0,0,0,0,0,0,0,0,0,0,0,0,0,1,0,4,0,0,0,36,0,0,0,0,0,0,0,22,0,2,0,0,0,0,0,0,0,0,0,0,0,0,0,0,0,0,0,0,0,1,7,2,0,0,1,2,0,0,0,0,0,0,0,0,0,0,0,0,0,0,0,0,0,9,0,0,0,0,0,1,5,0,0,2,1,1,0,0,0,0,1,15,10,3,37,0,0,5,0,0,0,0,1,0,0,0,0,0,0,0,0,0,0,0,0,0,0,1,1,1,0,0,0,0,0,0,1,0,3,40,2,0,0,0,0,0,0,0,11,0,0,0,0,0,1,0,0,0,8,2,0
u25,understorey,0,0,0,1,1,1,4,0,0,1,0,0,0,4,0,2,0,0,0,0,0,1,0,0,0,0,0,0,0,0,13,0,0,3,1,0,0,0,0,0,0,0,0,0,14,3,0,2,0,0,0,0,0,0,1,0,0,0,0,0,0,4,0,0,0,0,0,1,2,0,0,0,0,0,0,0,0,0,0,0,0,0,0,0,0,0,0,0,0,7,0,0,15,9,2,0,0,21,21,0,0,0,0,0,0,0,1,0,0,0,0,0,0,0,0,0,0,0,0,0,0,0,5,1,0,0,0,0,0,0,0,0,1,0,0,0,0,0,0,0,0,0,0,2,0,0,0,0,19,127,2,0,0,0,0,2,0,0,0,1,0,0,1,0,0,0,0,0,0,0,1,0,0,0,0,0,0,6,0,0,0,0,0,0,0,1,0,0,0,2,0,0,0,0,0,0,0,0,0,0,1,0,0,0,0,1,0,0,0,2,0,0,8,0,0,0,0,0,0,0,2,0,1,0,0,0,0,0,0,0,0,0,0,0,0,1,0,0,0,0,0,0,0,2,0,0,0,0,0,0,0,0,2,0,2,0,0,0,0,0,0,0,0,0,0,0,0,0,0,0,0,1,0,0,0,0,0,0,0,0,0,0,0,0,0,0,0,0,0,0,0,0,0,1,1,0,0,0,0,0,0,0,0,0,1,0,0,0,0,0,0,0,0,0,0,0,0,0,0,2,0,1,0,0,0,0,0,19,0,1,0,1,10,0,5,3,0,0,10,0,1,0,0,0,1,1,0,0,0,0,0,0,1,0,6,0,3,0,25,0,1,0,0,0,0,0,7,0,0,1,0,0,0,0,0,0,0,0,0,0,0,0,0,0,0,0,0,0,3,49,4,0,0,2,3,0,0,0,0,0,0,0,0,0,1,0,0,0,0,0,0,0,16,0,0,0,1,1,0,3,0,0,0,1,0,0,0,0,0,2,9,6,3,53,6,3,5,0,0,0,1,0,0,0,0,0,0,0,0,0,0,0,0,0,0,0,14,0,3,0,0,1,0,0,1,2,0,1,44,2,0,0,0,0,0,0,0,13,0,0,1,0,0,0,0,0,0,17,1,0
u27,understorey,0,0,0,0,0,1,5,0,0,0,0,0,0,0,0,4,0,4,0,0,0,2,1,0,0,1,0,0,0,0,27,0,0,10,0,0,0,0,0,0,0,0,0,0,21,3,0,3,0,0,0,0,0,0,0,0,0,0,0,0,0,4,0,0,0,0,0,0,1,0,0,0,0,0,0,0,0,0,1,0,0,0,0,1,0,0,0,6,0,3,1,0,3,8,5,1,0,18,15,0,0,0,0,0,0,0,2,0,0,0,0,0,0,0,0,0,0,0,0,0,0,0,5,2,1,0,0,0,0,0,0,0,1,0,0,0,0,2,0,0,0,0,0,0,0,0,0,0,20,56,0,0,0,0,1,13,0,0,0,1,0,0,0,0,0,0,0,0,0,1,0,0,0,0,0,0,0,0,0,0,0,0,0,0,0,0,0,0,0,1,0,0,0,0,0,0,0,0,1,0,0,0,0,0,0,0,0,0,1,1,1,0,15,0,0,0,0,0,0,0,1,0,0,0,0,0,0,0,0,0,0,0,0,0,0,0,0,0,3,0,0,0,0,2,1,0,1,0,0,0,0,0,0,0,2,0,0,1,0,1,0,0,1,0,0,0,0,0,0,1,0,0,0,0,0,0,0,0,0,0,0,1,0,0,0,0,0,0,0,0,0,0,0,0,0,0,0,1,0,1,0,0,0,0,0,0,0,0,0,0,0,0,0,0,0,0,0,0,0,0,0,0,0,0,0,0,0,34,0,1,1,0,12,3,12,1,3,0,21,0,0,0,0,1,0,0,0,0,0,0,0,0,1,0,2,0,0,0,16,0,0,0,0,0,0,0,9,2,2,1,1,0,0,0,0,0,0,0,0,0,0,0,0,0,0,0,0,0,0,19,0,0,0,1,2,0,0,0,0,0,0,0,0,0,4,0,0,0,0,0,0,0,10,0,0,0,2,0,1,3,0,0,0,0,0,0,0,0,0,0,7,2,6,46,3,3,14,0,0,0,0,0,1,0,0,0,0,0,0,1,0,0,0,0,0,0,7,0,1,0,0,0,0,0,0,0,0,1,24,4,0,0,0,0,1,0,0,8,0,0,0,0,0,0,0,0,0,29,1,0
u29,understorey,0,0,0,1,0,1,3,0,0,0,1,0,0,2,0,0,0,5,1,0,0,0,0,0,0,1,0,0,0,0,8,0,0,4,0,0,0,0,1,0,0,0,0,0,18,2,2,2,0,0,0,0,0,0,0,0,0,0,0,0,0,5,1,0,0,0,0,0,0,0,0,0,0,0,0,0,0,0,0,0,0,0,0,0,0,0,0,2,0,5,0,0,5,3,0,2,0,27,22,0,0,0,0,0,0,0,0,0,0,0,0,0,0,0,0,0,0,0,0,0,0,0,11,0,2,0,0,0,0,0,0,0,3,0,1,0,0,0,0,0,0,0,0,0,1,0,0,0,15,43,0,0,0,0,0,5,0,0,0,2,0,0,0,1,0,1,1,0,0,0,0,0,0,0,0,0,0,0,0,0,0,0,0,0,0,0,0,0,0,1,0,1,0,0,0,0,0,0,0,0,0,0,0,0,0,0,0,0,0,1,0,1,7,0,2,0,0,0,2,0,0,0,0,0,0,0,0,0,0,0,0,0,0,0,0,0,0,0,0,0,0,0,1,1,1,0,0,0,0,0,0,0,0,0,1,0,0,0,1,0,0,0,0,0,0,0,0,0,0,0,0,0,3,0,1,0,0,0,0,0,0,0,0,0,0,0,0,0,0,0,0,0,0,0,0,0,0,0,0,0,0,0,0,0,0,0,0,0,0,0,0,0,0,0,0,0,0,0,0,0,0,2,0,0,0,0,0,31,0,4,1,0,9,0,5,5,1,0,17,0,2,0,1,0,0,0,0,0,0,0,0,0,1,0,2,0,1,0,18,0,0,0,0,0,0,0,9,6,1,2,0,0,0,1,0,0,0,0,0,0,0,1,1,0,0,0,0,0,1,13,1,0,0,1,4,0,0,0,1,0,0,0,0,0,1,0,0,0,0,0,0,0,3,1,0,0,0,0,0,7,0,0,1,3,0,0,0,0,0,2,7,1,2,48,3,4,3,0,0,0,1,0,1,0,0,0,0,0,0,0,0,0,0,0,0,0,2,0,0,0,0,1,0,0,0,2,0,1,29,4,0,0,0,0,0,0,0,4,0,0,0,0,2,0,0,0,0,32,3,0
u31,understorey,0,0,0,0,1,4,0,0,0,1,1,2,0,1,0,3,1,5,2,0,0,1,0,0,0,3,0,0,0,0,0,0,0,0,0,0,0,0,0,0,0,0,0,0,14,0,0,0,0,0,0,0,0,0,1,0,0,0,0,0,0,15,0,0,0,0,0,1,2,0,0,0,0,0,0,0,0,0,0,0,0,0,0,0,0,0,0,0,0,1,0,0,1,6,2,0,0,14,19,1,0,0,0,0,1,0,0,0,0,0,0,0,0,0,0,0,0,0,0,0,0,0,1,2,1,0,0,0,0,0,0,0,2,0,1,0,0,6,1,0,0,2,0,2,0,0,0,0,7,11,1,0,0,0,0,3,0,0,0,0,1,0,0,0,0,0,2,0,0,0,0,0,2,0,0,1,0,8,1,0,0,0,0,0,0,0,1,2,0,0,0,0,0,0,0,0,0,0,0,1,0,1,0,0,0,0,2,0,0,1,0,0,0,0,0,0,0,0,1,0,1,0,1,0,0,0,0,1,0,0,0,0,0,0,0,0,0,0,0,0,0,0,0,2,0,0,0,0,0,0,0,0,0,0,0,0,0,0,0,0,0,0,0,0,0,0,0,0,0,0,0,0,0,0,0,0,0,0,0,0,0,0,0,0,0,0,0,0,0,0,0,0,0,2,0,0,0,0,0,0,0,0,0,0,0,0,0,0,0,0,0,0,0,0,0,0,0,0,0,0,0,3,0,0,0,0,0,18,0,2,0,0,9,0,3,0,1,0,6,0,0,0,0,0,0,0,0,0,0,0,0,0,4,1,4,0,0,0,26,0,0,0,0,0,1,0,11,9,0,2,0,0,0,0,0,0,0,0,0,0,1,0,0,0,0,0,0,0,1,20,5,0,0,0,2,0,0,0,0,1,0,0,0,0,0,0,0,0,0,0,0,0,2,0,0,0,3,0,0,5,0,0,0,2,1,0,0,0,0,1,31,8,1,56,1,1,2,0,0,0,0,0,0,0,0,0,1,0,1,0,1,0,0,0,0,0,3,0,1,0,0,1,0,0,3,2,0,0,40,10,0,0,0,0,0,0,0,12,0,0,0,0,0,0,0,0,0,16,0,0
